k_date,title,place,lat,lon,url_link,start_date,end_date,area,category,dt
20240809 ~ 20240814,통영한산대첩축제,한산대첩광장 및 통영시 일원,,,https://search.naver.com/search.naver?where=nexearch&sm=tab_etc&mra=bk00&pkid=110&os=1908491&qvt=0&query=%ED%86%B5%EC%98%81%ED%95%9C%EC%82%B0%EB%8C%80%EC%B2%A9%EC%B6%95%EC%A0%9C,20240809,20240814,,,
20240813 ~ 20240815,서대문독립축제,"서대문형무소역사관, 독립공원",,,https://search.naver.com/search.naver?where=nexearch&sm=tab_etc&mra=bk00&pkid=110&os=19292765&qvt=0&query=%EC%84%9C%EB%8C%80%EB%AC%B8%EB%8F%85%EB%A6%BD%EC%B6%95%EC%A0%9C,20240813,20240815,,,
20240810 ~ 20240815,신송도해변축제,송도달빛공원 일원 (송도국제교~컨벤시아교 사이),,,https://search.naver.com/search.naver?where=nexearch&sm=tab_etc&mra=bk00&pkid=110&os=31640373&qvt=0&query=%EC%8B%A0%EC%86%A1%EB%8F%84%ED%95%B4%EB%B3%80%EC%B6%95%EC%A0%9C,20240810,20240815,,,
20240809 ~ 20240817,대전 0시 축제,중앙로(대전역 ~ 옛충남도청) 일원,,,https://search.naver.com/search.naver?where=nexearch&sm=tab_etc&mra=bk00&pkid=110&os=31722391&qvt=0&query=%EB%8C%80%EC%A0%84%200%EC%8B%9C%20%EC%B6%95%EC%A0%9C,20240809,20240817,,,
20240808 ~ 20240818,천리포행 무궁화호,천리포수목원,,,https://search.naver.com/search.naver?where=nexearch&sm=tab_etc&mra=bk00&pkid=110&os=31983039&qvt=0&query=%EC%B2%9C%EB%A6%AC%ED%8F%AC%ED%96%89%20%EB%AC%B4%EA%B6%81%ED%99%94%ED%98%B8,20240808,20240818,,,
20240808 ~ 20240825,서울프린지페스티벌,"서울시 마포구, 서대문구 일대 실내외공간",,,https://search.naver.com/search.naver?where=nexearch&sm=tab_etc&mra=bk00&pkid=110&os=1908305&qvt=0&query=%EC%84%9C%EC%9A%B8%ED%94%84%EB%A6%B0%EC%A7%80%ED%8E%98%EC%8A%A4%ED%8B%B0%EB%B2%8C,20240808,20240825,,,
20240802 ~ 20240825,국가유산 미디어아트 진주성,진주성,,,https://search.naver.com/search.naver?where=nexearch&sm=tab_etc&mra=bk00&pkid=110&os=34639554&qvt=0&query=%EA%B5%AD%EA%B0%80%EC%9C%A0%EC%82%B0%20%EB%AF%B8%EB%94%94%EC%96%B4%EC%95%84%ED%8A%B8%20%EC%A7%84%EC%A3%BC%EC%84%B1,20240802,20240825,,,
20240729 ~ 20240818,고스트파크 어웨이크,합천영상테마파크,,,https://search.naver.com/search.naver?where=nexearch&sm=tab_etc&mra=bk00&pkid=110&os=34385368&qvt=0&query=%EA%B3%A0%EC%8A%A4%ED%8A%B8%ED%8C%8C%ED%81%AC%20%EC%96%B4%EC%9B%A8%EC%9D%B4%ED%81%AC,20240729,20240818,,,
20240726 ~ 20240818,홍천황금보리축제,보리울권역체험관,,,https://search.naver.com/search.naver?where=nexearch&sm=tab_etc&mra=bk00&pkid=110&os=34982669&qvt=0&query=%ED%99%8D%EC%B2%9C%ED%99%A9%EA%B8%88%EB%B3%B4%EB%A6%AC%EC%B6%95%EC%A0%9C,20240726,20240818,,,
20240724 ~ 20240818,렛츠런파크 제주 몽생이 아쿠아 파티,렛츠런파크 제주,,,https://search.naver.com/search.naver?where=nexearch&sm=tab_etc&mra=bk00&pkid=110&os=35073823&qvt=0&query=%EB%A0%9B%EC%B8%A0%EB%9F%B0%ED%8C%8C%ED%81%AC%20%EC%A0%9C%EC%A3%BC%20%EB%AA%BD%EC%83%9D%EC%9D%B4%20%EC%95%84%EC%BF%A0%EC%95%84%20%ED%8C%8C%ED%8B%B0,20240724,20240818,,,
20240730 ~ 20240825,아시아프,옛 국립극단 백성희장민호극장,,,https://search.naver.com/search.naver?where=nexearch&sm=tab_etc&mra=bk00&pkid=110&os=1908383&qvt=0&query=%EC%95%84%EC%8B%9C%EC%95%84%ED%94%84,20240730,20240825,,,
20240719 ~ 20240815,태백 해바라기축제,태백해바라기축제장,,,https://search.naver.com/search.naver?where=nexearch&sm=tab_etc&mra=bk00&pkid=110&os=26472692&qvt=0&query=%ED%83%9C%EB%B0%B1%20%ED%95%B4%EB%B0%94%EB%9D%BC%EA%B8%B0%EC%B6%95%EC%A0%9C,20240719,20240815,,,
20240720 ~ 20240818,구팔일 선셋 레이스,모노리스 제주파크,,,https://search.naver.com/search.naver?where=nexearch&sm=tab_etc&mra=bk00&pkid=110&os=35066339&qvt=0&query=%EA%B5%AC%ED%8C%94%EC%9D%BC%20%EC%84%A0%EC%85%8B%20%EB%A0%88%EC%9D%B4%EC%8A%A4,20240720,20240818,,,
20240726 ~ 20240825,"심야공포촌, Horror Village In The Dead of Night",한국민속촌,,,https://search.naver.com/search.naver?where=nexearch&sm=tab_etc&mra=bk00&pkid=110&os=28614658&qvt=0&query=%EC%8B%AC%EC%95%BC%EA%B3%B5%ED%8F%AC%EC%B4%8C%20Horror%20Village%20In%20The%20Dead%20of%20Night,20240726,20240825,,,
20240803 ~ 20240908,율봄식물원 봉선화 시즌,율봄식물원 농산물 체험장,,,https://search.naver.com/search.naver?where=nexearch&sm=tab_etc&mra=bk00&pkid=110&os=31941261&qvt=0&query=%EC%9C%A8%EB%B4%84%EC%8B%9D%EB%AC%BC%EC%9B%90%20%EB%B4%89%EC%84%A0%ED%99%94%20%EC%8B%9C%EC%A6%8C,20240803,20240908,,,
20240706 ~ 20240825,렛츠런파크 부산경남 블루밍 워터페스티벌,렛츠런파크 부산경남,,,https://search.naver.com/search.naver?where=nexearch&sm=tab_etc&mra=bk00&pkid=110&os=31890170&qvt=0&query=%EB%A0%9B%EC%B8%A0%EB%9F%B0%ED%8C%8C%ED%81%AC%20%EB%B6%80%EC%82%B0%EA%B2%BD%EB%82%A8%20%EB%B8%94%EB%A3%A8%EB%B0%8D%20%EC%9B%8C%ED%84%B0%ED%8E%98%EC%8A%A4%ED%8B%B0%EB%B2%8C,20240706,20240825,,,
20240706 ~ 20240825,베어트리파크 SUMMER FESTIVAL,베어트리파크,,,https://search.naver.com/search.naver?where=nexearch&sm=tab_etc&mra=bk00&pkid=110&os=34385369&qvt=0&query=%EB%B2%A0%EC%96%B4%ED%8A%B8%EB%A6%AC%ED%8C%8C%ED%81%AC%20SUMMER%20FESTIVAL,20240706,20240825,,,
20240701 ~ 20240831,쁘띠프랑스 & 이탈리아마을 베니스가면축제,쁘띠프랑스 & 이탈리아마을,,,https://search.naver.com/search.naver?where=nexearch&sm=tab_etc&mra=bk00&pkid=110&os=28375523&qvt=0&query=%EC%81%98%EB%9D%A0%ED%94%84%EB%9E%91%EC%8A%A4%20%EC%9D%B4%ED%83%88%EB%A6%AC%EC%95%84%EB%A7%88%EC%9D%84%20%EB%B2%A0%EB%8B%88%EC%8A%A4%EA%B0%80%EB%A9%B4%EC%B6%95%EC%A0%9C,20240701,20240831,,,
20240719 ~ 20240915,휴애리 유럽 수국축제,휴애리 자연생활공원 공원내,,,https://search.naver.com/search.naver?where=nexearch&sm=tab_etc&mra=bk00&pkid=110&os=6006592&qvt=0&query=%ED%9C%B4%EC%95%A0%EB%A6%AC%20%EC%9C%A0%EB%9F%BD%20%EC%88%98%EA%B5%AD%EC%B6%95%EC%A0%9C,20240719,20240915,,,
20240622 ~ 20240825,한국민속촌 여름축제: 마른 하늘에 물벼락,한국민속촌,,,https://search.naver.com/search.naver?where=nexearch&sm=tab_etc&mra=bk00&pkid=110&os=28412077&qvt=0&query=%ED%95%9C%EA%B5%AD%EB%AF%BC%EC%86%8D%EC%B4%8C%20%EC%97%AC%EB%A6%84%EC%B6%95%EC%A0%9C%20%EB%A7%88%EB%A5%B8%20%ED%95%98%EB%8A%98%EC%97%90%20%EB%AC%BC%EB%B2%BC%EB%9D%BD,20240622,20240825,,,
20240809 ~ 20241013,웨이뷰 코스모스 축제,웨이뷰,,,https://search.naver.com/search.naver?where=nexearch&sm=tab_etc&mra=bk00&pkid=110&os=35056395&qvt=0&query=%EC%9B%A8%EC%9D%B4%EB%B7%B0%20%EC%BD%94%EC%8A%A4%EB%AA%A8%EC%8A%A4%20%EC%B6%95%EC%A0%9C,20240809,20241013,,,
20240617 ~ 20240823,화담숲 여름 수국 축제,화담숲,,,https://search.naver.com/search.naver?where=nexearch&sm=tab_etc&mra=bk00&pkid=110&os=26436890&qvt=0&query=%ED%99%94%EB%8B%B4%EC%88%B2%20%EC%97%AC%EB%A6%84%20%EC%88%98%EA%B5%AD%20%EC%B6%95%EC%A0%9C,20240617,20240823,,,
20240615 ~ 20240831,이월드 트로피컬 아쿠아월드,이월드,,,https://search.naver.com/search.naver?where=nexearch&sm=tab_etc&mra=bk00&pkid=110&os=3604955&qvt=0&query=%EC%9D%B4%EC%9B%94%EB%93%9C%20%ED%8A%B8%EB%A1%9C%ED%94%BC%EC%BB%AC%20%EC%95%84%EC%BF%A0%EC%95%84%EC%9B%94%EB%93%9C,20240615,20240831,,,
20240712 ~ 20240929,동강국제사진제,동강사진박물관,,,https://search.naver.com/search.naver?where=nexearch&sm=tab_etc&mra=bk00&pkid=110&os=31718736&qvt=0&query=%EB%8F%99%EA%B0%95%EA%B5%AD%EC%A0%9C%EC%82%AC%EC%A7%84%EC%A0%9C,20240712,20240929,,,
20240720 ~ 20241020,용설애(愛) FESTA,용설아트스페이스,,,https://search.naver.com/search.naver?where=nexearch&sm=tab_etc&mra=bk00&pkid=110&os=34309891&qvt=0&query=%EC%9A%A9%EC%84%A4%EC%95%A0%20%E6%84%9B%20FESTA,20240720,20241020,,,
20240803 ~ 20241109,신사리 상권 릴레이 이벤트,별빛 내린천 수변무대,,,https://search.naver.com/search.naver?where=nexearch&sm=tab_etc&mra=bk00&pkid=110&os=28897221&qvt=0&query=%EC%8B%A0%EC%82%AC%EB%A6%AC%20%EC%83%81%EA%B6%8C%20%EB%A6%B4%EB%A0%88%EC%9D%B4%20%EC%9D%B4%EB%B2%A4%ED%8A%B8,20240803,20241109,,,
20240504 ~ 20240831,구팔일 올데이 페스티벌,9.81파크 제주,,,https://search.naver.com/search.naver?where=nexearch&sm=tab_etc&mra=bk00&pkid=110&os=31688488&qvt=0&query=%EA%B5%AC%ED%8C%94%EC%9D%BC%20%EC%98%AC%EB%8D%B0%EC%9D%B4%20%ED%8E%98%EC%8A%A4%ED%8B%B0%EB%B2%8C,20240504,20240831,,,
20240701 ~ 20241031,별바다부산 나이트페스타,다대포해변공원 등,,,https://search.naver.com/search.naver?where=nexearch&sm=tab_etc&mra=bk00&pkid=110&os=28881245&qvt=0&query=%EB%B3%84%EB%B0%94%EB%8B%A4%EB%B6%80%EC%82%B0%20%EB%82%98%EC%9D%B4%ED%8A%B8%ED%8E%98%EC%8A%A4%ED%83%80,20240701,20241031,,,
20240511 ~ 20240908,양평메기수염축제,수미마을,,,https://search.naver.com/search.naver?where=nexearch&sm=tab_etc&mra=bk00&pkid=110&os=31715818&qvt=0&query=%EC%96%91%ED%8F%89%EB%A9%94%EA%B8%B0%EC%88%98%EC%97%BC%EC%B6%95%EC%A0%9C,20240511,20240908,,,
20240615 ~ 20241026,경기전 왕과의 산책,전주 한옥마을 경기전,,,https://search.naver.com/search.naver?where=nexearch&sm=tab_etc&mra=bk00&pkid=110&os=31714622&qvt=0&query=%EA%B2%BD%EA%B8%B0%EC%A0%84%20%EC%99%95%EA%B3%BC%EC%9D%98%20%EC%82%B0%EC%B1%85,20240615,20241026,,,
20240410 ~ 20240831,마노르블랑 수국축제,마노르블랑,,,https://search.naver.com/search.naver?where=nexearch&sm=tab_etc&mra=bk00&pkid=110&os=9715082&qvt=0&query=%EB%A7%88%EB%85%B8%EB%A5%B4%EB%B8%94%EB%9E%91%20%EC%88%98%EA%B5%AD%EC%B6%95%EC%A0%9C,20240410,20240831,,,
20240518 ~ 20241012,국립세종수목원 야간개장 '특별한 夜행',국립세종수목원,,,https://search.naver.com/search.naver?where=nexearch&sm=tab_etc&mra=bk00&pkid=110&os=31918785&qvt=0&query=%EA%B5%AD%EB%A6%BD%EC%84%B8%EC%A2%85%EC%88%98%EB%AA%A9%EC%9B%90%20%EC%95%BC%EA%B0%84%EA%B0%9C%EC%9E%A5%20%ED%8A%B9%EB%B3%84%ED%95%9C%20%E5%A4%9C%ED%96%89,20240518,20241012,,,
20240626 ~ 20241201,문화가 있는 날 실버마이크 <전라·제주 권역>,광주 쌍암공원 일원 그 외 장소는 홈페이지 참조,,,https://search.naver.com/search.naver?where=nexearch&sm=tab_etc&mra=bk00&pkid=110&os=34212689&qvt=0&query=%EB%AC%B8%ED%99%94%EA%B0%80%20%EC%9E%88%EB%8A%94%20%EB%82%A0%20%EC%8B%A4%EB%B2%84%EB%A7%88%EC%9D%B4%ED%81%AC%20%EC%A0%84%EB%9D%BC%20%EC%A0%9C%EC%A3%BC%20%EA%B6%8C%EC%97%AD,20240626,20241201,,,
20240509 ~ 20241116,DMZ OPEN 페스티벌,경기도 DMZ 일원,,,https://search.naver.com/search.naver?where=nexearch&sm=tab_etc&mra=bk00&pkid=110&os=31522877&qvt=0&query=DMZ%20OPEN%20%ED%8E%98%EC%8A%A4%ED%8B%B0%EB%B2%8C,20240509,20241116,,,
20240420 ~ 20241027,나오라쇼,간현관광지 나오라쇼 광장,,,https://search.naver.com/search.naver?where=nexearch&sm=tab_etc&mra=bk00&pkid=110&os=31689880&qvt=0&query=%EB%82%98%EC%98%A4%EB%9D%BC%EC%87%BC,20240420,20241027,,,
20240406 ~ 20241027,밤가시초가 마실가자,일산 밤가시초가,,,https://search.naver.com/search.naver?where=nexearch&sm=tab_etc&mra=bk00&pkid=110&os=34377284&qvt=0&query=%EB%B0%A4%EA%B0%80%EC%8B%9C%EC%B4%88%EA%B0%80%20%EB%A7%88%EC%8B%A4%EA%B0%80%EC%9E%90,20240406,20241027,,,
20240529 ~ 20241201,문화가 있는 날 청춘마이크 충청권,,,,https://search.naver.com/search.naver?where=nexearch&sm=tab_etc&mra=bk00&pkid=110&os=34262141&qvt=0&query=%EB%AC%B8%ED%99%94%EA%B0%80%20%EC%9E%88%EB%8A%94%20%EB%82%A0%20%EC%B2%AD%EC%B6%98%EB%A7%88%EC%9D%B4%ED%81%AC%20%EC%B6%A9%EC%B2%AD%EA%B6%8C,20240529,20241201,,,
20240423 ~ 20241107,양화진 근대사 뱃길탐방,양화진역사공원과 한강 일대,,,https://search.naver.com/search.naver?where=nexearch&sm=tab_etc&mra=bk00&pkid=110&os=34359944&qvt=0&query=%EC%96%91%ED%99%94%EC%A7%84%20%EA%B7%BC%EB%8C%80%EC%82%AC%20%EB%B1%83%EA%B8%B8%ED%83%90%EB%B0%A9,20240423,20241107,,,
20240406 ~ 20241110,한국민속촌 조선살인수사,한국민속촌,,,https://search.naver.com/search.naver?where=nexearch&sm=tab_etc&mra=bk00&pkid=110&os=31910774&qvt=0&query=%ED%95%9C%EA%B5%AD%EB%AF%BC%EC%86%8D%EC%B4%8C%20%EC%A1%B0%EC%84%A0%EC%82%B4%EC%9D%B8%EC%88%98%EC%82%AC,20240406,20241110,,,
20240406 ~ 20241110,"한국민속촌 살귀옥, A Haunted Prison",한국민속촌,,,https://search.naver.com/search.naver?where=nexearch&sm=tab_etc&mra=bk00&pkid=110&os=31910773&qvt=0&query=%ED%95%9C%EA%B5%AD%EB%AF%BC%EC%86%8D%EC%B4%8C%20%EC%82%B4%EA%B7%80%EC%98%A5%20A%20Haunted%20Prison,20240406,20241110,,,
20240406 ~ 20241110,한국민속촌 야간개장 '달빛을 더하다',한국민속촌,,,https://search.naver.com/search.naver?where=nexearch&sm=tab_etc&mra=bk00&pkid=110&os=9983845&qvt=0&query=%ED%95%9C%EA%B5%AD%EB%AF%BC%EC%86%8D%EC%B4%8C%20%EC%95%BC%EA%B0%84%EA%B0%9C%EC%9E%A5%20%EB%8B%AC%EB%B9%9B%EC%9D%84%20%EB%8D%94%ED%95%98%EB%8B%A4,20240406,20241110,,,
20240325 ~ 20241031,영등포 관광 세일 페스타,,,,https://search.naver.com/search.naver?where=nexearch&sm=tab_etc&mra=bk00&pkid=110&os=26075318&qvt=0&query=%EC%98%81%EB%93%B1%ED%8F%AC%20%EA%B4%80%EA%B4%91%20%EC%84%B8%EC%9D%BC%20%ED%8E%98%EC%8A%A4%ED%83%80,20240325,20241031,,,
20240415 ~ 20241130,한강역사탐방,한강공원 및 인근 문화유산,,,https://search.naver.com/search.naver?where=nexearch&sm=tab_etc&mra=bk00&pkid=110&os=33813974&qvt=0&query=%ED%95%9C%EA%B0%95%EC%97%AD%EC%82%AC%ED%83%90%EB%B0%A9,20240415,20241130,,,
20240402 ~ 20241130,APAP 작품투어,"안양파빌리온(안양예술공원), 평촌지역(중앙공원) 등",,,https://search.naver.com/search.naver?where=nexearch&sm=tab_etc&mra=bk00&pkid=110&os=33872482&qvt=0&query=APAP%20%EC%9E%91%ED%92%88%ED%88%AC%EC%96%B4,20240402,20241130,,,
20240401 ~ 20241130,서울거리공연 구석구석 라이브,"서울도심거리, 관광명소, 공원, 한강명소 등",,,https://search.naver.com/search.naver?where=nexearch&sm=tab_etc&mra=bk00&pkid=110&os=18817721&qvt=0&query=%EC%84%9C%EC%9A%B8%EA%B1%B0%EB%A6%AC%EA%B3%B5%EC%97%B0%20%EA%B5%AC%EC%84%9D%EA%B5%AC%EC%84%9D%20%EB%9D%BC%EC%9D%B4%EB%B8%8C,20240401,20241130,,,
20240501 ~ 20241231,제주민속촌 민속체험축제,제주민속촌 일대,,,https://search.naver.com/search.naver?where=nexearch&sm=tab_etc&mra=bk00&pkid=110&os=33973640&qvt=0&query=%EC%A0%9C%EC%A3%BC%EB%AF%BC%EC%86%8D%EC%B4%8C%20%EB%AF%BC%EC%86%8D%EC%B2%B4%ED%97%98%EC%B6%95%EC%A0%9C,20240501,20241231,,,
20240401 ~ 20241214,숭례문 파수의식 원데이! 파수군,숭례문,,,https://search.naver.com/search.naver?where=nexearch&sm=tab_etc&mra=bk00&pkid=110&os=33761789&qvt=0&query=%EC%88%AD%EB%A1%80%EB%AC%B8%20%ED%8C%8C%EC%88%98%EC%9D%98%EC%8B%9D%20%EC%9B%90%EB%8D%B0%EC%9D%B4%20%ED%8C%8C%EC%88%98%EA%B5%B0,20240401,20241214,,,
20240323 ~ 20241215,부산국제매직페스티벌,행사별 상이,,,https://search.naver.com/search.naver?where=nexearch&sm=tab_etc&mra=bk00&pkid=110&os=24825585&qvt=0&query=%EB%B6%80%EC%82%B0%EA%B5%AD%EC%A0%9C%EB%A7%A4%EC%A7%81%ED%8E%98%EC%8A%A4%ED%8B%B0%EB%B2%8C,20240323,20241215,,,
20240219 ~ 20241117,청도 프로방스 빛축제,청도프로방스,,,https://search.naver.com/search.naver?where=nexearch&sm=tab_etc&mra=bk00&pkid=110&os=13074893&qvt=0&query=%EC%B2%AD%EB%8F%84%20%ED%94%84%EB%A1%9C%EB%B0%A9%EC%8A%A4%20%EB%B9%9B%EC%B6%95%EC%A0%9C,20240219,20241117,,,
20240302 ~ 20241231,구팔일 댕댕이 레이싱!,9.81파크 제주,,,https://search.naver.com/search.naver?where=nexearch&sm=tab_etc&mra=bk00&pkid=110&os=32617916&qvt=0&query=%EA%B5%AC%ED%8C%94%EC%9D%BC%20%EB%8C%95%EB%8C%95%EC%9D%B4%20%EB%A0%88%EC%9D%B4%EC%8B%B1,20240302,20241231,,,
20240201 ~ 20241231,서창별빛거리,서창2지구 회전교차로 일원,,,https://search.naver.com/search.naver?where=nexearch&sm=tab_etc&mra=bk00&pkid=110&os=29568231&qvt=0&query=%EC%84%9C%EC%B0%BD%EB%B3%84%EB%B9%9B%EA%B1%B0%EB%A6%AC,20240201,20241231,,,
20240201 ~ 20241231,만수천 빛의거리,만수복개천 공영주차장 일원,,,https://search.naver.com/search.naver?where=nexearch&sm=tab_etc&mra=bk00&pkid=110&os=32862951&qvt=0&query=%EB%A7%8C%EC%88%98%EC%B2%9C%20%EB%B9%9B%EC%9D%98%EA%B1%B0%EB%A6%AC,20240201,20241231,,,
20240103 ~ 20241207,생생국가유산 중랑구 체험학습 (생생문화재),"망우역사문화공원, 봉수대공원",,,https://search.naver.com/search.naver?where=nexearch&sm=tab_etc&mra=bk00&pkid=110&os=26445692&qvt=0&query=%EC%83%9D%EC%83%9D%EA%B5%AD%EA%B0%80%EC%9C%A0%EC%82%B0%20%EC%A4%91%EB%9E%91%EA%B5%AC%20%EC%B2%B4%ED%97%98%ED%95%99%EC%8A%B5%20%EC%83%9D%EC%83%9D%EB%AC%B8%ED%99%94%EC%9E%AC,20240103,20241207,,,
20240101 ~ 20241231,안산별빛마을 애니멀 & 하트빌리지 빛축제,안산별빛마을포토랜드,,,https://search.naver.com/search.naver?where=nexearch&sm=tab_etc&mra=bk00&pkid=110&os=2462599&qvt=0&query=%EC%95%88%EC%82%B0%20%EB%B3%84%EB%B9%9B%EB%A7%88%EC%9D%84%20%EC%95%A0%EB%8B%88%EB%A9%80%20%ED%95%98%ED%8A%B8%EB%B9%8C%EB%A6%AC%EC%A7%80%20%EB%B9%9B%EC%B6%95%EC%A0%9C,20240101,20241231,,,
20240101 ~ 20241231,서울랜드 불빛축제 루나파크,서울랜드,,,https://search.naver.com/search.naver?where=nexearch&sm=tab_etc&mra=bk00&pkid=110&os=9760759&qvt=0&query=%EC%84%9C%EC%9A%B8%EB%9E%9C%EB%93%9C%20%EB%B6%88%EB%B9%9B%EC%B6%95%EC%A0%9C%20%EB%A3%A8%EB%82%98%ED%8C%8C%ED%81%AC,20240101,20241231,,,
20240101 ~ 20241231,허브아일랜드 불빛동화축제,허브아일랜드,,,https://search.naver.com/search.naver?where=nexearch&sm=tab_etc&mra=bk00&pkid=110&os=1908914&qvt=0&query=%ED%97%88%EB%B8%8C%EC%95%84%EC%9D%BC%EB%9E%9C%EB%93%9C%20%EB%B6%88%EB%B9%9B%EB%8F%99%ED%99%94%EC%B6%95%EC%A0%9C,20240101,20241231,,,
20240101 ~ 20241231,남산봉수의식 등 전통문화 재현행사,"서울 남산봉수대, 서울 남산 팔각정, 서울 보신각",,,https://search.naver.com/search.naver?where=nexearch&sm=tab_etc&mra=bk00&pkid=110&os=25940834&qvt=0&query=%EB%82%A8%EC%82%B0%EB%B4%89%EC%88%98%EC%9D%98%EC%8B%9D%20%EB%93%B1%20%EC%A0%84%ED%86%B5%EB%AC%B8%ED%99%94%20%EC%9E%AC%ED%98%84%ED%96%89%EC%82%AC,20240101,20241231,,,
20240101 ~ 20241231,한국의집 고호재,한국의집 소화당,,,https://search.naver.com/search.naver?where=nexearch&sm=tab_etc&mra=bk00&pkid=110&os=32192179&qvt=0&query=%ED%95%9C%EA%B5%AD%EC%9D%98%EC%A7%91%20%EA%B3%A0%ED%98%B8%EC%9E%AC,20240101,20241231,,,
20240101 ~ 20241231,별빛이 흐르는 정원,퍼스트가든 일원,,,https://search.naver.com/search.naver?where=nexearch&sm=tab_etc&mra=bk00&pkid=110&os=9068479&qvt=0&query=%EB%B3%84%EB%B9%9B%EC%9D%B4%20%ED%9D%90%EB%A5%B4%EB%8A%94%20%EC%A0%95%EC%9B%90,20240101,20241231,,,
20240501 ~ 20250430,낭만등불축제,산들소리,,,https://search.naver.com/search.naver?where=nexearch&sm=tab_etc&mra=bk00&pkid=110&os=32734076&qvt=0&query=%EB%82%AD%EB%A7%8C%EB%93%B1%EB%B6%88%EC%B6%95%EC%A0%9C,20240501,20250430,,,
20240529 ~ 20250531,K-푸드 페스티벌 넉넉,세종로공원,,,https://search.naver.com/search.naver?where=nexearch&sm=tab_etc&mra=bk00&pkid=110&os=34133887&qvt=0&query=K%20%ED%91%B8%EB%93%9C%20%ED%8E%98%EC%8A%A4%ED%8B%B0%EB%B2%8C%20%EB%84%89%EB%84%89,20240529,20250531,,,
20240430 ~ 20250501,낭만등불축제,산들소리,,,https://search.naver.com/search.naver?where=nexearch&sm=tab_etc&mra=bk00&pkid=110&os=29667931&qvt=0&query=%EB%82%AD%EB%A7%8C%EB%93%B1%EB%B6%88%EC%B6%95%EC%A0%9C,20240430,20250501,,,
20230508 ~ 20241130,문화가 흐르는 서울광장,서울광장 야외무대,,,https://search.naver.com/search.naver?where=nexearch&sm=tab_etc&mra=bk00&pkid=110&os=26413245&qvt=0&query=%EB%AC%B8%ED%99%94%EA%B0%80%20%ED%9D%90%EB%A5%B4%EB%8A%94%20%EC%84%9C%EC%9A%B8%EA%B4%91%EC%9E%A5,20230508,20241130,,,
20230101 ~ 20241231,서울 왕궁수문장 교대의식,서울 덕수궁 대한문,,,https://search.naver.com/search.naver?where=nexearch&sm=tab_etc&mra=bk00&pkid=110&os=25568234&qvt=0&query=%EC%84%9C%EC%9A%B8%20%EC%99%95%EA%B6%81%EC%88%98%EB%AC%B8%EC%9E%A5%20%EA%B5%90%EB%8C%80%EC%9D%98%EC%8B%9D,20230101,20241231,,,
20230101 ~ 20241231,태안 빛축제,네이처월드,,,https://search.naver.com/search.naver?where=nexearch&sm=tab_etc&mra=bk00&pkid=110&os=1980366&qvt=0&query=%ED%83%9C%EC%95%88%20%EB%B9%9B%EC%B6%95%EC%A0%9C,20230101,20241231,,,
20220101 ~ 20241231,오크밸리 3D 라이팅쇼 '소나타오브라이트',소나타 오브 라이트,,,https://search.naver.com/search.naver?where=nexearch&sm=tab_etc&mra=bk00&pkid=110&os=9287529&qvt=0&query=%EC%98%A4%ED%81%AC%EB%B0%B8%EB%A6%AC%203D%20%EB%9D%BC%EC%9D%B4%ED%8C%85%EC%87%BC%20%EC%86%8C%EB%82%98%ED%83%80%EC%98%A4%EB%B8%8C%EB%9D%BC%EC%9D%B4%ED%8A%B8,20220101,20241231,,,
20220402 ~ 20251231,광안리 M(Marvelous) 드론 라이트쇼,광안리해변 일원,,,https://search.naver.com/search.naver?where=nexearch&sm=tab_etc&mra=bk00&pkid=110&os=31649158&qvt=0&query=%EA%B4%91%EC%95%88%EB%A6%AC%20M%20Marvelous%20%EB%93%9C%EB%A1%A0%20%EB%9D%BC%EC%9D%B4%ED%8A%B8%EC%87%BC,20220402,20251231,,,
20240829 ~ 20240901,괴산고추축제,괴산유기농엑스포광장 일원,,,https://search.naver.com/search.naver?where=nexearch&sm=tab_etc&mra=bk00&pkid=110&os=19317940&qvt=0&query=%EA%B4%B4%EC%82%B0%EA%B3%A0%EC%B6%94%EC%B6%95%EC%A0%9C,20240829,20240901,,,
20240831 ~ 20240908,무주반딧불축제,무주등나무운동장 일원,,,https://search.naver.com/search.naver?where=nexearch&sm=tab_etc&mra=bk00&pkid=110&os=19356638&qvt=0&query=%EB%AC%B4%EC%A3%BC%EB%B0%98%EB%94%A7%EB%B6%88%EC%B6%95%EC%A0%9C,20240831,20240908,,,
20240814 ~ 20240818,전주세계소리축제,한국소리문화의전당,,,https://search.naver.com/search.naver?where=nexearch&sm=tab_etc&mra=bk00&pkid=110&os=1908155&qvt=0&query=%EC%A0%84%EC%A3%BC%EC%84%B8%EA%B3%84%EC%86%8C%EB%A6%AC%EC%B6%95%EC%A0%9C,20240814,20240818,,,
20240814 ~ 20240818,아트밸리 아산 신정호 SUMMER FESTIVAL,충청남도 아산시 신정호 야외음악당,,,https://search.naver.com/search.naver?where=nexearch&sm=tab_etc&mra=bk00&pkid=110&os=31983038&qvt=0&query=%EC%95%84%ED%8A%B8%EB%B0%B8%EB%A6%AC%20%EC%95%84%EC%82%B0%20%EC%8B%A0%EC%A0%95%ED%98%B8%20SUMMER%20FESTIVAL,20240814,20240818,,,
20240815 ~ 20240817,진주문화유산야행,진주성,,,https://search.naver.com/search.naver?where=nexearch&sm=tab_etc&mra=bk00&pkid=110&os=28707307&qvt=0&query=%EC%A7%84%EC%A3%BC%EB%AC%B8%ED%99%94%EC%9C%A0%EC%82%B0%EC%95%BC%ED%96%89,20240815,20240817,,,
20240815 ~ 20240817,광명마당극축제X대한민국마당극축제,광명시민운동장 일대,,,https://search.naver.com/search.naver?where=nexearch&sm=tab_etc&mra=bk00&pkid=110&os=34639553&qvt=0&query=%EA%B4%91%EB%AA%85%EB%A7%88%EB%8B%B9%EA%B7%B9%EC%B6%95%EC%A0%9C%20%EB%8C%80%ED%95%9C%EB%AF%BC%EA%B5%AD%EB%A7%88%EB%8B%B9%EA%B7%B9%EC%B6%95%EC%A0%9C,20240815,20240817,,,
20240815 ~ 20240817,강릉 문화유산 야행,강릉대도호부관아,,,https://search.naver.com/search.naver?where=nexearch&sm=tab_etc&mra=bk00&pkid=110&os=8107955&qvt=0&query=%EA%B0%95%EB%A6%89%20%EB%AC%B8%ED%99%94%EC%9C%A0%EC%82%B0%20%EC%95%BC%ED%96%89,20240815,20240817,,,
20240815 ~ 20240817,당진 문화유산 야행,당진 합덕제,,,https://search.naver.com/search.naver?where=nexearch&sm=tab_etc&mra=bk00&pkid=110&os=34982668&qvt=0&query=%EB%8B%B9%EC%A7%84%20%EB%AC%B8%ED%99%94%EC%9C%A0%EC%82%B0%20%EC%95%BC%ED%96%89,20240815,20240817,,,
20240815 ~ 20240818,비어밤 in 해운대,부산 해운대구 영화의전당,,,https://search.naver.com/search.naver?where=nexearch&sm=tab_etc&mra=bk00&pkid=110&os=35037887&qvt=0&query=%EB%B9%84%EC%96%B4%EB%B0%A4%20in%20%ED%95%B4%EC%9A%B4%EB%8C%80,20240815,20240818,,,
20240815 ~ 20240818,예천곤충축제,"곤충생태원, 한천체육공원",,,https://search.naver.com/search.naver?where=nexearch&sm=tab_etc&mra=bk00&pkid=110&os=26194939&qvt=0&query=%EC%98%88%EC%B2%9C%EA%B3%A4%EC%B6%A9%EC%B6%95%EC%A0%9C,20240815,20240818,,,
20240816 ~ 20240817,피란수도 부산 문화유산 야행,"부산근현대역사관, 부산기상관측소, 40계단문화관 등",,,https://search.naver.com/search.naver?where=nexearch&sm=tab_etc&mra=bk00&pkid=110&os=19125137&qvt=0&query=%ED%94%BC%EB%9E%80%EC%88%98%EB%8F%84%20%EB%B6%80%EC%82%B0%20%EB%AC%B8%ED%99%94%EC%9C%A0%EC%82%B0%20%EC%95%BC%ED%96%89,20240816,20240817,,,
20240816 ~ 20240817,횡성썸머나잇페스타,횡성 섬강둔치 일원,,,https://search.naver.com/search.naver?where=nexearch&sm=tab_etc&mra=bk00&pkid=110&os=34644697&qvt=0&query=%ED%9A%A1%EC%84%B1%EC%8D%B8%EB%A8%B8%EB%82%98%EC%9E%87%ED%8E%98%EC%8A%A4%ED%83%80,20240816,20240817,,,
20240816 ~ 20240818,대한민국 국제해양레저위크,부산 주요 해수욕장,,,https://search.naver.com/search.naver?where=nexearch&sm=tab_etc&mra=bk00&pkid=110&os=2842515&qvt=0&query=%EB%8C%80%ED%95%9C%EB%AF%BC%EA%B5%AD%20%EA%B5%AD%EC%A0%9C%ED%95%B4%EC%96%91%EB%A0%88%EC%A0%80%EC%9C%84%ED%81%AC,20240816,20240818,,,
20240517 ~ 20240813,임성환과 함께하는 영화 속 노래 이야기 - 부산,영화의전당 하늘연극장,,,https://search.naver.com/search.naver?where=nexearch&sm=tab_etc&mra=bkkw&pkid=269&os=33979701&qvt=0&query=%EC%9E%84%EC%84%B1%ED%99%98%EA%B3%BC%20%ED%95%A8%EA%BB%98%ED%95%98%EB%8A%94%20%EC%98%81%ED%99%94%20%EC%86%8D%20%EB%85%B8%EB%9E%98%20%EC%9D%B4%EC%95%BC%EA%B8%B0%20%EB%B6%80%EC%82%B0,20240517,20240813,,,
20240813,먼데이프로젝트 시즌7 [양반들 단독 콘서트 'Hymns from the Dragon Lake'],클럽온에어,,,https://search.naver.com/search.naver?where=nexearch&sm=tab_etc&mra=bkkw&pkid=269&os=34646991&qvt=0&query=%EB%A8%BC%EB%8D%B0%EC%9D%B4%ED%94%84%EB%A1%9C%EC%A0%9D%ED%8A%B8%20%EC%8B%9C%EC%A6%8C7%20%EC%96%91%EB%B0%98%EB%93%A4%20%EB%8B%A8%EB%8F%85%20%EC%BD%98%EC%84%9C%ED%8A%B8%20Hymns%20from%20the%20Dragon%20Lake,20240813,20240813,,,
20240813,"2024 김범수 콘서트 <여행, The Original> - 캘거리",Jack Singer Concert Hall,,,https://search.naver.com/search.naver?where=nexearch&sm=tab_etc&mra=bkkw&pkid=269&os=35040193&qvt=0&query=2024%20%EA%B9%80%EB%B2%94%EC%88%98%20%EC%BD%98%EC%84%9C%ED%8A%B8%20%EC%97%AC%ED%96%89%20The%20Original%20%EC%BA%98%EA%B1%B0%EB%A6%AC,20240813,20240813,,,
20240316 ~ 20240815,더퍼포머 버블 매직쇼 - 청주,더퍼포머 마술극장,,,https://search.naver.com/search.naver?where=nexearch&sm=tab_etc&mra=bkkw&pkid=269&os=33673983&qvt=0&query=%EB%8D%94%ED%8D%BC%ED%8F%AC%EB%A8%B8%20%EB%B2%84%EB%B8%94%20%EB%A7%A4%EC%A7%81%EC%87%BC%20%EC%B2%AD%EC%A3%BC,20240316,20240815,,,
20240720 ~ 20240815,2024 워터샷 - 여수,디오션 워터파크,,,https://search.naver.com/search.naver?where=nexearch&sm=tab_etc&mra=bkkw&pkid=269&os=34323253&qvt=0&query=2024%20%EC%9B%8C%ED%84%B0%EC%83%B7%20%EC%97%AC%EC%88%98,20240720,20240815,,,
20240809 ~ 20240816,2024 썸머재즈데이즈 - 전주,더바인홀,,,https://search.naver.com/search.naver?where=nexearch&sm=tab_etc&mra=bkkw&pkid=269&os=34408506&qvt=0&query=2024%20%EC%8D%B8%EB%A8%B8%EC%9E%AC%EC%A6%88%EB%8D%B0%EC%9D%B4%EC%A6%88%20%EC%A0%84%EC%A3%BC,20240809,20240816,,,
20240720 ~ 20240817,Candlelight: 히사이시 조 최고의 작품 - 대전,대전시립연정국악원,,,https://search.naver.com/search.naver?where=nexearch&sm=tab_etc&mra=bkkw&pkid=269&os=34409045&qvt=0&query=Candlelight%20%ED%9E%88%EC%82%AC%EC%9D%B4%EC%8B%9C%20%EC%A1%B0%20%EC%B5%9C%EA%B3%A0%EC%9D%98%20%EC%9E%91%ED%92%88%20%EB%8C%80%EC%A0%84,20240720,20240817,,,
20240803 ~ 20240817,CORALLO FUN FUN 쇼 - 양양,코랄로 바이 조선 아웃도어 가든,,,https://search.naver.com/search.naver?where=nexearch&sm=tab_etc&mra=bkkw&pkid=269&os=35006636&qvt=0&query=CORALLO%20FUN%20FUN%20%EC%87%BC%20%EC%96%91%EC%96%91,20240803,20240817,,,
20240727 ~ 20240818,매직 호캉스 IN드몽드 - 담양,호텔 드몽드,,,https://search.naver.com/search.naver?where=nexearch&sm=tab_etc&mra=bkkw&pkid=269&os=34405397&qvt=0&query=%EB%A7%A4%EC%A7%81%20%ED%98%B8%EC%BA%89%EC%8A%A4%20IN%EB%93%9C%EB%AA%BD%EB%93%9C%20%EB%8B%B4%EC%96%91,20240727,20240818,,,
20240810 ~ 20240818,밴드시그널,석촌호수 아뜰리에,,,https://search.naver.com/search.naver?where=nexearch&sm=tab_etc&mra=bkkw&pkid=269&os=35003290&qvt=0&query=%EB%B0%B4%EB%93%9C%EC%8B%9C%EA%B7%B8%EB%84%90,20240810,20240818,,,
20230602 ~ 20240823,수상한 스테이지,수상한창고,,,https://search.naver.com/search.naver?where=nexearch&sm=tab_etc&mra=bkkw&pkid=269&os=31624817&qvt=0&query=%EC%88%98%EC%83%81%ED%95%9C%20%EC%8A%A4%ED%85%8C%EC%9D%B4%EC%A7%80,20230602,20240823,,,
20240713 ~ 20240823,서!탠드업코미디 부산코미디클럽 - 부산,어댑터씨어터 1관,,,https://search.naver.com/search.naver?where=nexearch&sm=tab_etc&mra=bkkw&pkid=269&os=34405361&qvt=0&query=%EC%84%9C%ED%83%A0%EB%93%9C%EC%97%85%EC%BD%94%EB%AF%B8%EB%94%94%20%EB%B6%80%EC%82%B0%EC%BD%94%EB%AF%B8%EB%94%94%ED%81%B4%EB%9F%BD%20%EB%B6%80%EC%82%B0,20240713,20240823,,,
20240808 ~ 20240824,"이병찬 여름 소극장 공연 '한여름밤, 그리고'",벨로주 홍대,,,https://search.naver.com/search.naver?where=nexearch&sm=tab_etc&mra=bkkw&pkid=269&os=34992290&qvt=0&query=%EC%9D%B4%EB%B3%91%EC%B0%AC%20%EC%97%AC%EB%A6%84%20%EC%86%8C%EA%B7%B9%EC%9E%A5%20%EA%B3%B5%EC%97%B0%20%ED%95%9C%EC%97%AC%EB%A6%84%EB%B0%A4%20%EA%B7%B8%EB%A6%AC%EA%B3%A0,20240808,20240824,,,
20240727 ~ 20240824,2024 새연교 콘서트 - 제주,새연교,,,https://search.naver.com/search.naver?where=nexearch&sm=tab_etc&mra=bkkw&pkid=269&os=35046465&qvt=0&query=2024%20%EC%83%88%EC%97%B0%EA%B5%90%20%EC%BD%98%EC%84%9C%ED%8A%B8%20%EC%A0%9C%EC%A3%BC,20240727,20240824,,,
20240713 ~ 20240825,MAGIC SHOW [TOUCH] - 부산,어댑터씨어터 1관,,,https://search.naver.com/search.naver?where=nexearch&sm=tab_etc&mra=bkkw&pkid=269&os=34405356&qvt=0&query=MAGIC%20SHOW%20TOUCH%20%EB%B6%80%EC%82%B0,20240713,20240825,,,
20240618 ~ 20240827,2024 윤성 단독 콘서트 '미소',JTN 아트홀 2관,,,https://search.naver.com/search.naver?where=nexearch&sm=tab_etc&mra=bkkw&pkid=269&os=34129830&qvt=0&query=2024%20%EC%9C%A4%EC%84%B1%20%EB%8B%A8%EB%8F%85%20%EC%BD%98%EC%84%9C%ED%8A%B8%20%EB%AF%B8%EC%86%8C,20240618,20240827,,,
20240529 ~ 20240828,일몰콘서트 옥상으로 따라와 - 화성,봉담문화의집,,,https://search.naver.com/search.naver?where=nexearch&sm=tab_etc&mra=bkkw&pkid=269&os=34343190&qvt=0&query=%EC%9D%BC%EB%AA%B0%EC%BD%98%EC%84%9C%ED%8A%B8%20%EC%98%A5%EC%83%81%EC%9C%BC%EB%A1%9C%20%EB%94%B0%EB%9D%BC%EC%99%80%20%ED%99%94%EC%84%B1,20240529,20240828,,,
20240713 ~ 20240831,2024 반얀트리 오아시스 풀파티,반얀트리 클럽 앤 스파 서울,,,https://search.naver.com/search.naver?where=nexearch&sm=tab_etc&mra=bkkw&pkid=269&os=34346805&qvt=0&query=2024%20%EB%B0%98%EC%96%80%ED%8A%B8%EB%A6%AC%20%EC%98%A4%EC%95%84%EC%8B%9C%EC%8A%A4%20%ED%92%80%ED%8C%8C%ED%8B%B0,20240713,20240831,,,
20240717,스탠드-업 코미디 - 수원,갤러리아백화점광교점 10층,,,https://search.naver.com/search.naver?where=nexearch&sm=tab_etc&mra=bkkw&pkid=269&os=34356270&qvt=0&query=%EC%8A%A4%ED%83%A0%EB%93%9C%20%EC%97%85%20%EC%BD%94%EB%AF%B8%EB%94%94%20%EC%88%98%EC%9B%90,20240717,20240717,,,
20240717,수상한 마법학교 시즌 2 - 강릉,수상한 마법학교 시즌 2,,,https://search.naver.com/search.naver?where=nexearch&sm=tab_etc&mra=bkkw&pkid=269&os=34423994&qvt=0&query=%EC%88%98%EC%83%81%ED%95%9C%20%EB%A7%88%EB%B2%95%ED%95%99%EA%B5%90%20%EC%8B%9C%EC%A6%8C%202%20%EA%B0%95%EB%A6%89,20240717,20240717,,,
20240705,최민수의 페이지,문엔트리,,,https://search.naver.com/search.naver?where=nexearch&sm=tab_etc&mra=bkkw&pkid=269&os=34379795&qvt=0&query=%EC%B5%9C%EB%AF%BC%EC%88%98%EC%9D%98%20%ED%8E%98%EC%9D%B4%EC%A7%80,20240705,20240705,,,
20240626,인연 - 매직콕 - 구미,매직콕,,,https://search.naver.com/search.naver?where=nexearch&sm=tab_etc&mra=bkkw&pkid=269&os=34369039&qvt=0&query=%EC%9D%B8%EC%97%B0%20%20%EB%A7%A4%EC%A7%81%EC%BD%95%20%EA%B5%AC%EB%AF%B8,20240626,20240626,,,
20240622,언빌리버블쇼_매직카바레 - 인천,매직카바레,,,https://search.naver.com/search.naver?where=nexearch&sm=tab_etc&mra=bkkw&pkid=269&os=34137195&qvt=0&query=%EC%96%B8%EB%B9%8C%EB%A6%AC%EB%B2%84%EB%B8%94%EC%87%BC%20%EB%A7%A4%EC%A7%81%EC%B9%B4%EB%B0%94%EB%A0%88%20%EC%9D%B8%EC%B2%9C,20240622,20240622,,,
20240427 ~ 20241026,PLAY 180,상도어울마당 아트홀,,,https://search.naver.com/search.naver?where=nexearch&sm=tab_etc&mra=bkkw&pkid=269&os=33812434&qvt=0&query=PLAY%20180,20240427,20241026,,,
20240308 ~ 20241122,제 3회 전주미니재즈페스티벌 - 전주,더바인홀,,,https://search.naver.com/search.naver?where=nexearch&sm=tab_etc&mra=bkkw&pkid=269&os=33643228&qvt=0&query=%EC%A0%9C%203%ED%9A%8C%20%EC%A0%84%EC%A3%BC%EB%AF%B8%EB%8B%88%EC%9E%AC%EC%A6%88%ED%8E%98%EC%8A%A4%ED%8B%B0%EB%B2%8C%20%EC%A0%84%EC%A3%BC,20240308,20241122,,,
20240316 ~ 20241123,이금희와 함께하는 더 클래식 하우스 콘서트 - 용인,용인시문예회관 처인홀,,,https://search.naver.com/search.naver?where=nexearch&sm=tab_etc&mra=bkkw&pkid=269&os=33659838&qvt=0&query=%EC%9D%B4%EA%B8%88%ED%9D%AC%EC%99%80%20%ED%95%A8%EA%BB%98%ED%95%98%EB%8A%94%20%EB%8D%94%20%ED%81%B4%EB%9E%98%EC%8B%9D%20%ED%95%98%EC%9A%B0%EC%8A%A4%20%EC%BD%98%EC%84%9C%ED%8A%B8%20%EC%9A%A9%EC%9D%B8,20240316,20241123,,,
20240427 ~ 20241123,2024 선을 넘는 과학자들 - 과천,국립과천과학관,,,https://search.naver.com/search.naver?where=nexearch&sm=tab_etc&mra=bkkw&pkid=269&os=33897952&qvt=0&query=2024%20%EC%84%A0%EC%9D%84%20%EB%84%98%EB%8A%94%20%EA%B3%BC%ED%95%99%EC%9E%90%EB%93%A4%20%EA%B3%BC%EC%B2%9C,20240427,20241123,,,
20240427 ~ 20241129,아르케컬처의 무지카 클래시카 - 용인,느티나무도서관,,,https://search.naver.com/search.naver?where=nexearch&sm=tab_etc&mra=bkkw&pkid=269&os=33871989&qvt=0&query=%EC%95%84%EB%A5%B4%EC%BC%80%EC%BB%AC%EC%B2%98%EC%9D%98%20%EB%AC%B4%EC%A7%80%EC%B9%B4%20%ED%81%B4%EB%9E%98%EC%8B%9C%EC%B9%B4%20%EC%9A%A9%EC%9D%B8,20240427,20241129,,,
20240330 ~ 20241130,2024 브런치 콘서트 <전람회 속 멜로디> - 용인,용인시 평생학습관큰어울마당,,,https://search.naver.com/search.naver?where=nexearch&sm=tab_etc&mra=bkkw&pkid=269&os=33640827&qvt=0&query=2024%20%EB%B8%8C%EB%9F%B0%EC%B9%98%20%EC%BD%98%EC%84%9C%ED%8A%B8%20%EC%A0%84%EB%9E%8C%ED%9A%8C%20%EC%86%8D%20%EB%A9%9C%EB%A1%9C%EB%94%94%20%EC%9A%A9%EC%9D%B8,20240330,20241130,,,
20240501 ~ 20241130,연애박사:'사랑' 마술공연 - 수원,광교SK뷰레이크타워 연애 상담소,,,https://search.naver.com/search.naver?where=nexearch&sm=tab_etc&mra=bkkw&pkid=269&os=33925201&qvt=0&query=%EC%97%B0%EC%95%A0%EB%B0%95%EC%82%AC%20%EC%82%AC%EB%9E%91%20%EB%A7%88%EC%88%A0%EA%B3%B5%EC%97%B0%20%EC%88%98%EC%9B%90,20240501,20241130,,,
20240522 ~ 20241130,여수엑스포 빅오쇼,빅오 해상분수쇼,,,https://search.naver.com/search.naver?where=nexearch&sm=tab_etc&mra=bkkw&pkid=269&os=34351554&qvt=0&query=%EC%97%AC%EC%88%98%EC%97%91%EC%8A%A4%ED%8F%AC%20%EB%B9%85%EC%98%A4%EC%87%BC,20240522,20241130,,,
20240810 ~ 20241207,7080 낭만 극장쇼 - 용인,용인시 문화예술원 마루홀,,,https://search.naver.com/search.naver?where=nexearch&sm=tab_etc&mra=bkkw&pkid=269&os=35028988&qvt=0&query=7080%20%EB%82%AD%EB%A7%8C%20%EA%B7%B9%EC%9E%A5%EC%87%BC%20%EC%9A%A9%EC%9D%B8,20240810,20241207,,,
20240414,포시즌 (four seasons),문엔트리,,,https://search.naver.com/search.naver?where=nexearch&sm=tab_etc&mra=bkkw&pkid=269&os=33770034&qvt=0&query=%ED%8F%AC%EC%8B%9C%EC%A6%8C%20four%20seasons,20240414,20240414,,,
20240630 ~ 20241229,벌스데이 매직쇼,비포선셋,,,https://search.naver.com/search.naver?where=nexearch&sm=tab_etc&mra=bkkw&pkid=269&os=34323769&qvt=0&query=%EB%B2%8C%EC%8A%A4%EB%8D%B0%EC%9D%B4%20%EB%A7%A4%EC%A7%81%EC%87%BC,20240630,20241229,,,
20230421 ~ 20241231,스탠드업 코미디 로얄 살루트 황제쇼,THE SHOW THEATER,,,https://search.naver.com/search.naver?where=nexearch&sm=tab_etc&mra=bkkw&pkid=269&os=31398384&qvt=0&query=%EC%8A%A4%ED%83%A0%EB%93%9C%EC%97%85%20%EC%BD%94%EB%AF%B8%EB%94%94%20%EB%A1%9C%EC%96%84%20%EC%82%B4%EB%A3%A8%ED%8A%B8%20%ED%99%A9%EC%A0%9C%EC%87%BC,20230421,20241231,,,
20230427 ~ 20241231,스탠드업 코미디 죠니워커쇼,THE SHOW THEATER,,,https://search.naver.com/search.naver?where=nexearch&sm=tab_etc&mra=bkkw&pkid=269&os=31401276&qvt=0&query=%EC%8A%A4%ED%83%A0%EB%93%9C%EC%97%85%20%EC%BD%94%EB%AF%B8%EB%94%94%20%EC%A3%A0%EB%8B%88%EC%9B%8C%EC%BB%A4%EC%87%BC,20230427,20241231,,,
20230630 ~ 20241231,싱글Single 부킹파티 코믹쇼,성내 잠실공연장,,,https://search.naver.com/search.naver?where=nexearch&sm=tab_etc&mra=bkkw&pkid=269&os=31760575&qvt=0&query=%EC%8B%B1%EA%B8%80Single%20%EB%B6%80%ED%82%B9%ED%8C%8C%ED%8B%B0%20%EC%BD%94%EB%AF%B9%EC%87%BC,20230630,20241231,,,
20240309 ~ 20241231,당진 월드아트 서커스,월드아트서커스,,,https://search.naver.com/search.naver?where=nexearch&sm=tab_etc&mra=bkkw&pkid=269&os=33766081&qvt=0&query=%EB%8B%B9%EC%A7%84%20%EC%9B%94%EB%93%9C%EC%95%84%ED%8A%B8%20%EC%84%9C%EC%BB%A4%EC%8A%A4,20240309,20241231,,,
20240515 ~ 20241231,미드나잇 인 파리스,서초 비포선셋,,,https://search.naver.com/search.naver?where=nexearch&sm=tab_etc&mra=bkkw&pkid=269&os=34073473&qvt=0&query=%EB%AF%B8%EB%93%9C%EB%82%98%EC%9E%87%20%EC%9D%B8%20%ED%8C%8C%EB%A6%AC%EC%8A%A4,20240515,20241231,,,
20240601 ~ 20241231,어린이 마술쇼 & 마리오네트 - 화성,마법의정원,,,https://search.naver.com/search.naver?where=nexearch&sm=tab_etc&mra=bkkw&pkid=269&os=34209698&qvt=0&query=%EC%96%B4%EB%A6%B0%EC%9D%B4%20%EB%A7%88%EC%88%A0%EC%87%BC%20%EB%A7%88%EB%A6%AC%EC%98%A4%EB%84%A4%ED%8A%B8%20%ED%99%94%EC%84%B1,20240601,20241231,,,
20240301,무드 콘서트 MOOD CONCERT - 부산,필슈파스,,,https://search.naver.com/search.naver?where=nexearch&sm=tab_etc&mra=bkkw&pkid=269&os=33689699&qvt=0&query=%EB%AC%B4%EB%93%9C%20%EC%BD%98%EC%84%9C%ED%8A%B8%20MOOD%20CONCERT%20%EB%B6%80%EC%82%B0,20240301,20240301,,,
20240123,광안살롱위켄드 - 부산,필슈파스,,,https://search.naver.com/search.naver?where=nexearch&sm=tab_etc&mra=bkkw&pkid=269&os=33611826&qvt=0&query=%EA%B4%91%EC%95%88%EC%82%B4%EB%A1%B1%EC%9C%84%EC%BC%84%EB%93%9C%20%EB%B6%80%EC%82%B0,20240123,20240123,,,
20240101,금토재즈클럽 - 수원,파닥파닥클럽,,,https://search.naver.com/search.naver?where=nexearch&sm=tab_etc&mra=bkkw&pkid=269&os=33539070&qvt=0&query=%EA%B8%88%ED%86%A0%EC%9E%AC%EC%A6%88%ED%81%B4%EB%9F%BD%20%EC%88%98%EC%9B%90,20240101,20240101,,,
20231222,메타코미디클럽 홍대,메타코미디클럽 홍대,,,https://search.naver.com/search.naver?where=nexearch&sm=tab_etc&mra=bkkw&pkid=269&os=32847653&qvt=0&query=%EB%A9%94%ED%83%80%EC%BD%94%EB%AF%B8%EB%94%94%ED%81%B4%EB%9F%BD%20%ED%99%8D%EB%8C%80,20231222,20231222,,,
20231209,찰나 - 대구,어바웃매직,,,https://search.naver.com/search.naver?where=nexearch&sm=tab_etc&mra=bkkw&pkid=269&os=33495015&qvt=0&query=%EC%B0%B0%EB%82%98%20%EB%8C%80%EA%B5%AC,20231209,20231209,,,
20230916,다온마술쇼 - 충주,오대호아트팩토리,,,https://search.naver.com/search.naver?where=nexearch&sm=tab_etc&mra=bkkw&pkid=269&os=32180829&qvt=0&query=%EB%8B%A4%EC%98%A8%EB%A7%88%EC%88%A0%EC%87%BC%20%EC%B6%A9%EC%A3%BC,20230916,20230916,,,
20230909,중산층농담,아트지트 코미디 클럽,,,https://search.naver.com/search.naver?where=nexearch&sm=tab_etc&mra=bkkw&pkid=269&os=32094904&qvt=0&query=%EC%A4%91%EC%82%B0%EC%B8%B5%EB%86%8D%EB%8B%B4,20230909,20230909,,,
20230901,고두영의 더 초이스 매직쇼 - 화성,더퍼포머씨어터,,,https://search.naver.com/search.naver?where=nexearch&sm=tab_etc&mra=bkkw&pkid=269&os=32118511&qvt=0&query=%EA%B3%A0%EB%91%90%EC%98%81%EC%9D%98%20%EB%8D%94%20%EC%B4%88%EC%9D%B4%EC%8A%A4%20%EB%A7%A4%EC%A7%81%EC%87%BC%20%ED%99%94%EC%84%B1,20230901,20230901,,,
20230818,아트지트 스탠드업 코미디쇼,아트지트 코미디 클럽,,,https://search.naver.com/search.naver?where=nexearch&sm=tab_etc&mra=bkkw&pkid=269&os=32071334&qvt=0&query=%EC%95%84%ED%8A%B8%EC%A7%80%ED%8A%B8%20%EC%8A%A4%ED%83%A0%EB%93%9C%EC%97%85%20%EC%BD%94%EB%AF%B8%EB%94%94%EC%87%BC,20230818,20230818,,,
20230807,놀러와요 마술놀이터 시즌2 - 부천,미리내마술극단 부천점,,,https://search.naver.com/search.naver?where=nexearch&sm=tab_etc&mra=bkkw&pkid=269&os=31985256&qvt=0&query=%EB%86%80%EB%9F%AC%EC%99%80%EC%9A%94%20%EB%A7%88%EC%88%A0%EB%86%80%EC%9D%B4%ED%84%B0%20%EC%8B%9C%EC%A6%8C2%20%EB%B6%80%EC%B2%9C,20230807,20230807,,,
20230727,패밀리 매직쇼 - 화성,더퍼포머씨어터,,,https://search.naver.com/search.naver?where=nexearch&sm=tab_etc&mra=bkkw&pkid=269&os=31933106&qvt=0&query=%ED%8C%A8%EB%B0%80%EB%A6%AC%20%EB%A7%A4%EC%A7%81%EC%87%BC%20%ED%99%94%EC%84%B1,20230727,20230727,,,
20230617,고두영의 상상 마술쇼 - 화성,더퍼포머씨어터,,,https://search.naver.com/search.naver?where=nexearch&sm=tab_etc&mra=bkkw&pkid=269&os=31498439&qvt=0&query=%EA%B3%A0%EB%91%90%EC%98%81%EC%9D%98%20%EC%83%81%EC%83%81%20%EB%A7%88%EC%88%A0%EC%87%BC%20%ED%99%94%EC%84%B1,20230617,20230617,,,
20230614,이재홍의 컬러라이즈,문엔트리,,,https://search.naver.com/search.naver?where=nexearch&sm=tab_etc&mra=bkkw&pkid=269&os=31541625&qvt=0&query=%EC%9D%B4%EC%9E%AC%ED%99%8D%EC%9D%98%20%EC%BB%AC%EB%9F%AC%EB%9D%BC%EC%9D%B4%EC%A6%88,20230614,20230614,,,
20230613,펀치라인스,클럽온에어,,,https://search.naver.com/search.naver?where=nexearch&sm=tab_etc&mra=bkkw&pkid=269&os=31681537&qvt=0&query=%ED%8E%80%EC%B9%98%EB%9D%BC%EC%9D%B8%EC%8A%A4,20230613,20230613,,,
20230607,재즈소사이어티 서울,서울브루어리 성수,,,https://search.naver.com/search.naver?where=nexearch&sm=tab_etc&mra=bkkw&pkid=269&os=31642287&qvt=0&query=%EC%9E%AC%EC%A6%88%EC%86%8C%EC%82%AC%EC%9D%B4%EC%96%B4%ED%8B%B0%20%EC%84%9C%EC%9A%B8,20230607,20230607,,,
20230513,루카스 A TRIP TO THE MOON,문엔트리,,,https://search.naver.com/search.naver?where=nexearch&sm=tab_etc&mra=bkkw&pkid=269&os=31422027&qvt=0&query=%EB%A3%A8%EC%B9%B4%EC%8A%A4%20A%20TRIP%20TO%20THE%20MOON,20230513,20230513,,,
20230505,고두영의 키즈 매직쇼 - 화성,더퍼포머씨어터,,,https://search.naver.com/search.naver?where=nexearch&sm=tab_etc&mra=bkkw&pkid=269&os=31345747&qvt=0&query=%EA%B3%A0%EB%91%90%EC%98%81%EC%9D%98%20%ED%82%A4%EC%A6%88%20%EB%A7%A4%EC%A7%81%EC%87%BC%20%ED%99%94%EC%84%B1,20230505,20230505,,,
20230501,Piano Trio Concert,entry55,,,https://search.naver.com/search.naver?where=nexearch&sm=tab_etc&mra=bkkw&pkid=269&os=31396114&qvt=0&query=Piano%20Trio%20Concert,20230501,20230501,,,
20230401,김관호의 ACT.1 - 원주,일루전스페이스,,,https://search.naver.com/search.naver?where=nexearch&sm=tab_etc&mra=bkkw&pkid=269&os=30909238&qvt=0&query=%EA%B9%80%EA%B4%80%ED%98%B8%EC%9D%98%20ACT1%20%EC%9B%90%EC%A3%BC,20230401,20230401,,,
20230225 ~ 20251231,예감살롱콘서트 - 부산,콘체르트보눔,,,https://search.naver.com/search.naver?where=nexearch&sm=tab_etc&mra=bkkw&pkid=269&os=29688304&qvt=0&query=%EC%98%88%EA%B0%90%EC%82%B4%EB%A1%B1%EC%BD%98%EC%84%9C%ED%8A%B8%20%EB%B6%80%EC%82%B0,20230225,20251231,,,
20230331,사유의 시간 ep.2,문엔트리,,,https://search.naver.com/search.naver?where=nexearch&sm=tab_etc&mra=bkkw&pkid=269&os=30882421&qvt=0&query=%EC%82%AC%EC%9C%A0%EC%9D%98%20%EC%8B%9C%EA%B0%84%20ep%202,20230331,20230331,,,
20230128,Special GIG,entry55,,,https://search.naver.com/search.naver?where=nexearch&sm=tab_etc&mra=bkkw&pkid=269&os=29699976&qvt=0&query=Special%20GIG,20230128,20230128,,,
20221228,LUKAS 사유의 시간,문엔트리,,,https://search.naver.com/search.naver?where=nexearch&sm=tab_etc&mra=bkkw&pkid=269&os=29560382&qvt=0&query=LUKAS%20%EC%82%AC%EC%9C%A0%EC%9D%98%20%EC%8B%9C%EA%B0%84,20221228,20221228,,,
20221130,데블스도어 재즈 데이,데블스도어 센트럴시티점,,,https://search.naver.com/search.naver?where=nexearch&sm=tab_etc&mra=bkkw&pkid=269&os=29520540&qvt=0&query=%EB%8D%B0%EB%B8%94%EC%8A%A4%EB%8F%84%EC%96%B4%20%EC%9E%AC%EC%A6%88%20%EB%8D%B0%EC%9D%B4,20221130,20221130,,,
20221128,닭대가리 코미디 쇼,닭대가리 코미디 클럽,,,https://search.naver.com/search.naver?where=nexearch&sm=tab_etc&mra=bkkw&pkid=269&os=29193987&qvt=0&query=%EB%8B%AD%EB%8C%80%EA%B0%80%EB%A6%AC%20%EC%BD%94%EB%AF%B8%EB%94%94%20%EC%87%BC,20221128,20221128,,,
20221007,The entry to Jazz,entry55,,,https://search.naver.com/search.naver?where=nexearch&sm=tab_etc&mra=bkkw&pkid=269&os=28897996&qvt=0&query=The%20entry%20to%20Jazz,20221007,20221007,,,
20220903,오늘을 담다,문엔트리,,,https://search.naver.com/search.naver?where=nexearch&sm=tab_etc&mra=bkkw&pkid=269&os=28700483&qvt=0&query=%EC%98%A4%EB%8A%98%EC%9D%84%20%EB%8B%B4%EB%8B%A4,20220903,20220903,,,
20220901,컴포테이블 매직쇼 - 안양,더로즈 안양평촌점,,,https://search.naver.com/search.naver?where=nexearch&sm=tab_etc&mra=bkkw&pkid=269&os=28780880&qvt=0&query=%EC%BB%B4%ED%8F%AC%ED%85%8C%EC%9D%B4%EB%B8%94%20%EB%A7%A4%EC%A7%81%EC%87%BC%20%EC%95%88%EC%96%91,20220901,20220901,,,
20220513,1미터마술공연 - 군산,신흥동 15-96 레지던스 5호 1미터마술,,,https://search.naver.com/search.naver?where=nexearch&sm=tab_etc&mra=bkkw&pkid=269&os=26214302&qvt=0&query=1%EB%AF%B8%ED%84%B0%EB%A7%88%EC%88%A0%EA%B3%B5%EC%97%B0%20%EA%B5%B0%EC%82%B0,20220513,20220513,,,
20220502,로멘틱 매직쇼,문엔트리,,,https://search.naver.com/search.naver?where=nexearch&sm=tab_etc&mra=bkkw&pkid=269&os=26086389&qvt=0&query=%EB%A1%9C%EB%A9%98%ED%8B%B1%20%EB%A7%A4%EC%A7%81%EC%87%BC,20220502,20220502,,,
20220424,놀러와요 마술놀이터 - 인천,아이디퍼포먼스,,,https://search.naver.com/search.naver?where=nexearch&sm=tab_etc&mra=bkkw&pkid=269&os=26099089&qvt=0&query=%EB%86%80%EB%9F%AC%EC%99%80%EC%9A%94%20%EB%A7%88%EC%88%A0%EB%86%80%EC%9D%B4%ED%84%B0%20%EC%9D%B8%EC%B2%9C,20220424,20220424,,,
20220128,VIP 매직쇼,문엔트리,,,https://search.naver.com/search.naver?where=nexearch&sm=tab_etc&mra=bkkw&pkid=269&os=25700357&qvt=0&query=VIP%20%EB%A7%A4%EC%A7%81%EC%87%BC,20220128,20220128,,,
20220122,박민호의 롤러코스터,문엔트리,,,https://search.naver.com/search.naver?where=nexearch&sm=tab_etc&mra=bkkw&pkid=269&os=25543775&qvt=0&query=%EB%B0%95%EB%AF%BC%ED%98%B8%EC%9D%98%20%EB%A1%A4%EB%9F%AC%EC%BD%94%EC%8A%A4%ED%84%B0,20220122,20220122,,,
20220101,창원 원맨아트쇼 & 투맨아트쇼,나비아트홀,,,https://search.naver.com/search.naver?where=nexearch&sm=tab_etc&mra=bkkw&pkid=269&os=29721443&qvt=0&query=%EC%B0%BD%EC%9B%90%20%EC%9B%90%EB%A7%A8%EC%95%84%ED%8A%B8%EC%87%BC%20%ED%88%AC%EB%A7%A8%EC%95%84%ED%8A%B8%EC%87%BC,20220101,20220101,,,
20211217,서울 코미디 클럽,서울코미디클럽,,,https://search.naver.com/search.naver?where=nexearch&sm=tab_etc&mra=bkkw&pkid=269&os=25482660&qvt=0&query=%EC%84%9C%EC%9A%B8%20%EC%BD%94%EB%AF%B8%EB%94%94%20%ED%81%B4%EB%9F%BD,20211217,20211217,,,
20211212,매직쇼 블루문,문엔트리,,,https://search.naver.com/search.naver?where=nexearch&sm=tab_etc&mra=bkkw&pkid=269&os=25438438&qvt=0&query=%EB%A7%A4%EC%A7%81%EC%87%BC%20%EB%B8%94%EB%A3%A8%EB%AC%B8,20211212,20211212,,,
20211211,류건하의 없을무,문엔트리,,,https://search.naver.com/search.naver?where=nexearch&sm=tab_etc&mra=bkkw&pkid=269&os=25688759&qvt=0&query=%EB%A5%98%EA%B1%B4%ED%95%98%EC%9D%98%20%EC%97%86%EC%9D%84%EB%AC%B4,20211211,20211211,,,
20211127,최신혁의 IMAGINE,문엔트리,,,https://search.naver.com/search.naver?where=nexearch&sm=tab_etc&mra=bkkw&pkid=269&os=24932079&qvt=0&query=%EC%B5%9C%EC%8B%A0%ED%98%81%EC%9D%98%20IMAGINE,20211127,20211127,,,
20210515,대니초~~온나 재밌쇼,NVM,,,https://search.naver.com/search.naver?where=nexearch&sm=tab_etc&mra=bkkw&pkid=269&os=18807508&qvt=0&query=%EB%8C%80%EB%8B%88%EC%B4%88%EC%98%A8%EB%82%98%20%EC%9E%AC%EB%B0%8C%EC%87%BC,20210515,20210515,,,
20210228,우리의 걸음,프로젝트서울,,,https://search.naver.com/search.naver?where=nexearch&sm=tab_etc&mra=bkkw&pkid=269&os=17946497&qvt=0&query=%EC%9A%B0%EB%A6%AC%EC%9D%98%20%EA%B1%B8%EC%9D%8C,20210228,20210228,,,
20200122,사파리테마파크 마술&버블쇼or사파리체험 - 파주,사파리체험테마파크,,,https://search.naver.com/search.naver?where=nexearch&sm=tab_etc&mra=bkkw&pkid=269&os=28414507&qvt=0&query=%EC%82%AC%ED%8C%8C%EB%A6%AC%ED%85%8C%EB%A7%88%ED%8C%8C%ED%81%AC%20%EB%A7%88%EC%88%A0%20%EB%B2%84%EB%B8%94%EC%87%BC%20%EC%82%AC%ED%8C%8C%EB%A6%AC%EC%B2%B4%ED%97%98%20%ED%8C%8C%EC%A3%BC,20200122,20200122,,,
20190720,두잇아카펠라 금토공연,두잇아카펠라 Abar,,,https://search.naver.com/search.naver?where=nexearch&sm=tab_etc&mra=bkkw&pkid=269&os=9970876&qvt=0&query=%EB%91%90%EC%9E%87%EC%95%84%EC%B9%B4%ED%8E%A0%EB%9D%BC%20%EA%B8%88%ED%86%A0%EA%B3%B5%EC%97%B0,20190720,20190720,,,
20181215,1미터마술공연 - 서울,매지클,,,https://search.naver.com/search.naver?where=nexearch&sm=tab_etc&mra=bkkw&pkid=269&os=9135696&qvt=0&query=1%EB%AF%B8%ED%84%B0%EB%A7%88%EC%88%A0%EA%B3%B5%EC%97%B0%20%EC%84%9C%EC%9A%B8,20181215,20181215,,,
20160829,배꼽빠지는 코믹마술쇼,제주특별자치도 제주시 조천읍 교래리 786-15,,,https://search.naver.com/search.naver?where=nexearch&sm=tab_etc&mra=bkkw&pkid=269&os=4069819&qvt=0&query=%EB%B0%B0%EA%BC%BD%EB%B9%A0%EC%A7%80%EB%8A%94%20%EC%BD%94%EB%AF%B9%EB%A7%88%EC%88%A0%EC%87%BC,20160829,20160829,,,
20160525,카운터테너 문지훈 브런치 콘서트,엔터식스 한양대점 파크에비뉴 메두사홀,,,https://search.naver.com/search.naver?where=nexearch&sm=tab_etc&mra=bkkw&pkid=269&os=3714983&qvt=0&query=%EC%B9%B4%EC%9A%B4%ED%84%B0%ED%85%8C%EB%84%88%20%EB%AC%B8%EC%A7%80%ED%9B%88%20%EB%B8%8C%EB%9F%B0%EC%B9%98%20%EC%BD%98%EC%84%9C%ED%8A%B8,20160525,20160525,,,
20150406,걸 스토리 콘서트,SMTOWN THEATRE,,,https://search.naver.com/search.naver?where=nexearch&sm=tab_etc&mra=bkkw&pkid=269&os=3231995&qvt=0&query=%EA%B1%B8%20%EC%8A%A4%ED%86%A0%EB%A6%AC%20%EC%BD%98%EC%84%9C%ED%8A%B8,20150406,20150406,,,
20240814,2024 VIVIZ WORLD TOUR [V.hind : Love and Tears] in SAN JOSE,Montgomery Theater,,,https://search.naver.com/search.naver?where=nexearch&sm=tab_etc&mra=bkkw&pkid=269&os=34327890&qvt=0&query=2024%20VIVIZ%20WORLD%20TOUR%20V%20hind%20Love%20and%20Tears%20in%20SAN%20JOSE,20240814,20240814,,,
20240814,"2024 커피콘서트 VI - 이지연 재즈 오케스트라의 ""OST JAZZ CONCERT"" - 인천",동구문화체육센터,,,https://search.naver.com/search.naver?where=nexearch&sm=tab_etc&mra=bkkw&pkid=269&os=34379433&qvt=0&query=2024%20%EC%BB%A4%ED%94%BC%EC%BD%98%EC%84%9C%ED%8A%B8%20VI%20%EC%9D%B4%EC%A7%80%EC%97%B0%20%EC%9E%AC%EC%A6%88%20%EC%98%A4%EC%BC%80%EC%8A%A4%ED%8A%B8%EB%9D%BC%EC%9D%98%20OST%20JAZZ%20CONCERT%20%EC%9D%B8%EC%B2%9C,20240814,20240814,,,
20240814,2024 썸머나이트 <룰라 & 레게 강 같은 평화> 콘서트 - 경주,경주예술의전당,,,https://search.naver.com/search.naver?where=nexearch&sm=tab_etc&mra=bkkw&pkid=269&os=34408539&qvt=0&query=2024%20%EC%8D%B8%EB%A8%B8%EB%82%98%EC%9D%B4%ED%8A%B8%20%EB%A3%B0%EB%9D%BC%20%EB%A0%88%EA%B2%8C%20%EA%B0%95%20%EA%B0%99%EC%9D%80%20%ED%8F%89%ED%99%94%20%EC%BD%98%EC%84%9C%ED%8A%B8%20%EA%B2%BD%EC%A3%BC,20240814,20240814,,,
20240814,먼데이프로젝트 시즌7 My Universe [시소 (siso) 단독 콘서트],벨로주 홍대,,,https://search.naver.com/search.naver?where=nexearch&sm=tab_etc&mra=bkkw&pkid=269&os=34646927&qvt=0&query=%EB%A8%BC%EB%8D%B0%EC%9D%B4%ED%94%84%EB%A1%9C%EC%A0%9D%ED%8A%B8%20%EC%8B%9C%EC%A6%8C7%20My%20Universe%20%EC%8B%9C%EC%86%8C%20siso%20%EB%8B%A8%EB%8F%85%20%EC%BD%98%EC%84%9C%ED%8A%B8,20240814,20240814,,,
20240814,살아 숨쉬는 영화 음악 콘서트 - Fantasy Melody - 경기 광주,남한산성아트홀 소극장,,,https://search.naver.com/search.naver?where=nexearch&sm=tab_etc&mra=bkkw&pkid=269&os=35003911&qvt=0&query=%EC%82%B4%EC%95%84%20%EC%88%A8%EC%89%AC%EB%8A%94%20%EC%98%81%ED%99%94%20%EC%9D%8C%EC%95%85%20%EC%BD%98%EC%84%9C%ED%8A%B8%20Fantasy%20Melody%20%EA%B2%BD%EA%B8%B0%20%EA%B4%91%EC%A3%BC,20240814,20240814,,,
20240814,정우 단독 공연 <누군가를 사랑한다는 것>,웨스트브릿지 라이브홀,,,https://search.naver.com/search.naver?where=nexearch&sm=tab_etc&mra=bkkw&pkid=269&os=35007113&qvt=0&query=%EC%A0%95%EC%9A%B0%20%EB%8B%A8%EB%8F%85%20%EA%B3%B5%EC%97%B0%20%EB%88%84%EA%B5%B0%EA%B0%80%EB%A5%BC%20%EC%82%AC%EB%9E%91%ED%95%9C%EB%8B%A4%EB%8A%94%20%EA%B2%83,20240814,20240814,,,
20240814,펀치라인스 - 로스트데이,클럽온에어,,,https://search.naver.com/search.naver?where=nexearch&sm=tab_etc&mra=bkkw&pkid=269&os=35039811&qvt=0&query=%ED%8E%80%EC%B9%98%EB%9D%BC%EC%9D%B8%EC%8A%A4%20%EB%A1%9C%EC%8A%A4%ED%8A%B8%EB%8D%B0%EC%9D%B4,20240814,20240814,,,
20240814,광복절 전야음악회 <8.15 SEOUL MY SOUL>,광화문광장,,,https://search.naver.com/search.naver?where=nexearch&sm=tab_etc&mra=bkkw&pkid=269&os=35053911&qvt=0&query=%EA%B4%91%EB%B3%B5%EC%A0%88%20%EC%A0%84%EC%95%BC%EC%9D%8C%EC%95%85%ED%9A%8C%208%2015%20SEOUL%20MY%20SOUL,20240814,20240814,,,
20240814,뒤란 - 울산,울산문화예술회관 소공연장,,,https://search.naver.com/search.naver?where=nexearch&sm=tab_etc&mra=bkkw&pkid=269&os=35086543&qvt=0&query=%EB%92%A4%EB%9E%80%208%EC%9B%94%2014%EC%9D%BC%20%EC%9A%B8%EC%82%B0,20240814,20240814,,,
20240809 ~ 20240816,내 인생의 한방 축제,대전역마을 한의약/인쇄거리,,,https://search.naver.com/search.naver?where=nexearch&sm=tab_etc&mra=bk00&pkid=110&os=31929317&qvt=0&query=%EB%82%B4%20%EC%9D%B8%EC%83%9D%EC%9D%98%20%ED%95%9C%EB%B0%A9%20%EC%B6%95%EC%A0%9C,20240809,20240816,,,
20240815,지혜를 배우는 시간 <대담한 대담> V - 인천,아트센터인천 다목적홀,,,https://search.naver.com/search.naver?where=nexearch&sm=tab_etc&mra=bkkw&pkid=269&os=33722746&qvt=0&query=%EC%A7%80%ED%98%9C%EB%A5%BC%20%EB%B0%B0%EC%9A%B0%EB%8A%94%20%EC%8B%9C%EA%B0%84%20%EB%8C%80%EB%8B%B4%ED%95%9C%20%EB%8C%80%EB%8B%B4%20V%20%EC%9D%B8%EC%B2%9C,20240815,20240815,,,
20240815,싱크넥스트24 메타코미디 <코미디 어셈블: 만담>,세종문화회관 S씨어터,,,https://search.naver.com/search.naver?where=nexearch&sm=tab_etc&mra=bkkw&pkid=269&os=34083443&qvt=0&query=%EC%8B%B1%ED%81%AC%EB%84%A5%EC%8A%A4%ED%8A%B824%20%EB%A9%94%ED%83%80%EC%BD%94%EB%AF%B8%EB%94%94%20%EC%BD%94%EB%AF%B8%EB%94%94%20%EC%96%B4%EC%85%88%EB%B8%94%20%EB%A7%8C%EB%8B%B4,20240815,20240815,,,
20240815,2024 TREASURE RELAY TOUR [REBOOT] FINAL IN SEOUL,KSPO DOME,,,https://search.naver.com/search.naver?where=nexearch&sm=tab_etc&mra=bkkw&pkid=269&os=34317181&qvt=0&query=2024%20TREASURE%20RELAY%20TOUR%20REBOOT%20FINAL%20IN%20SEOUL,20240815,20240815,,,
20240815,CANDY LIVE KOREA,고려대학교 화정체육관,,,https://search.naver.com/search.naver?where=nexearch&sm=tab_etc&mra=bkkw&pkid=269&os=34384597&qvt=0&query=CANDY%20LIVE%20KOREA,20240815,20240815,,,
20240815,지소쿠리클럽 단독공연 : 야생소리 밀렵꾼,무신사 개러지,,,https://search.naver.com/search.naver?where=nexearch&sm=tab_etc&mra=bkkw&pkid=269&os=34413148&qvt=0&query=%EC%A7%80%EC%86%8C%EC%BF%A0%EB%A6%AC%ED%81%B4%EB%9F%BD%20%EB%8B%A8%EB%8F%85%EA%B3%B5%EC%97%B0%20%EC%95%BC%EC%83%9D%EC%86%8C%EB%A6%AC%20%EB%B0%80%EB%A0%B5%EA%BE%BC,20240815,20240815,,,
20240815,박강수 콘서트 - 순천,순천문화예술회관,,,https://search.naver.com/search.naver?where=nexearch&sm=tab_etc&mra=bkkw&pkid=269&os=34420426&qvt=0&query=%EB%B0%95%EA%B0%95%EC%88%98%20%EC%BD%98%EC%84%9C%ED%8A%B8%20%EC%88%9C%EC%B2%9C%20%ED%95%9C%EC%97%AC%EB%A6%84%20%EC%9D%B4%EB%AA%BD,20240815,20240815,,,
20240815,향(HYANG) 단독 공연 : Take off,홍대 롤링홀,,,https://search.naver.com/search.naver?where=nexearch&sm=tab_etc&mra=bkkw&pkid=269&os=34429922&qvt=0&query=%ED%96%A5%20HYANG%20%EB%8B%A8%EB%8F%85%20%EA%B3%B5%EC%97%B0%20Take%20off,20240815,20240815,,,
20240815,옥상달빛 전국투어 <정말 고마워서 갑니다 2024> - 동해,카페코스타,,,https://search.naver.com/search.naver?where=nexearch&sm=tab_etc&mra=bkkw&pkid=269&os=34981540&qvt=0&query=%EC%98%A5%EC%83%81%EB%8B%AC%EB%B9%9B%20%EC%A0%84%EA%B5%AD%ED%88%AC%EC%96%B4%20%EC%A0%95%EB%A7%90%20%EA%B3%A0%EB%A7%88%EC%9B%8C%EC%84%9C%20%EA%B0%91%EB%8B%88%EB%8B%A4%202024%20%EB%8F%99%ED%95%B4,20240815,20240815,,,
20240815,먼데이프로젝트 시즌7 OUR SUMMER [카디 단독 콘서트],KT&G 상상마당 라이브홀,,,https://search.naver.com/search.naver?where=nexearch&sm=tab_etc&mra=bkkw&pkid=269&os=34646919&qvt=0&query=%EB%A8%BC%EB%8D%B0%EC%9D%B4%ED%94%84%EB%A1%9C%EC%A0%9D%ED%8A%B8%20%EC%8B%9C%EC%A6%8C7%20OUR%20SUMMER%20%EC%B9%B4%EB%94%94%20%EB%8B%A8%EB%8F%85%20%EC%BD%98%EC%84%9C%ED%8A%B8,20240815,20240815,,,
20240815,2024 니엘 생일팬미팅 < Lips fairy forest >,일지아트홀,,,https://search.naver.com/search.naver?where=nexearch&sm=tab_etc&mra=bkkw&pkid=269&os=35003081&qvt=0&query=2024%20%EB%8B%88%EC%97%98%20%EC%83%9D%EC%9D%BC%ED%8C%AC%EB%AF%B8%ED%8C%85%20Lips%20fairy%20forest,20240815,20240815,,,
20240815,흡수(吸收) - 대구,꿈꾸는씨어터,,,https://search.naver.com/search.naver?where=nexearch&sm=tab_etc&mra=bkkw&pkid=269&os=35006439&qvt=0&query=%ED%9D%A1%EC%88%98%20%E5%90%B8%E6%94%B6%20%EB%8C%80%EA%B5%AC,20240815,20240815,,,
20240815,A Moment With You,구름아래소극장,,,https://search.naver.com/search.naver?where=nexearch&sm=tab_etc&mra=bkkw&pkid=269&os=35006428&qvt=0&query=A%20Moment%20With%20You,20240815,20240815,,,
20240815,한여름밤의 꿈 페스티벌 <이슬아x이훤 작가의 북 콘서트> - 대구,수성아트피아,,,https://search.naver.com/search.naver?where=nexearch&sm=tab_etc&mra=bkkw&pkid=269&os=35039703&qvt=0&query=%ED%95%9C%EC%97%AC%EB%A6%84%EB%B0%A4%EC%9D%98%20%EA%BF%88%20%ED%8E%98%EC%8A%A4%ED%8B%B0%EB%B2%8C%20%EC%9D%B4%EC%8A%AC%EC%95%84x%EC%9D%B4%ED%9B%A4%20%EC%9E%91%EA%B0%80%EC%9D%98%20%EB%B6%81%20%EC%BD%98%EC%84%9C%ED%8A%B8%20%EB%8C%80%EA%B5%AC,20240815,20240815,,,
20240815,2024 광복절기념 콘서트 빛과 자유,빛과소리아트홀,,,https://search.naver.com/search.naver?where=nexearch&sm=tab_etc&mra=bkkw&pkid=269&os=35065158&qvt=0&query=2024%20%EA%B4%91%EB%B3%B5%EC%A0%88%EA%B8%B0%EB%85%90%20%EC%BD%98%EC%84%9C%ED%8A%B8%20%EB%B9%9B%EA%B3%BC%20%EC%9E%90%EC%9C%A0,20240815,20240815,,,
20240815 ~ 20240825,NELL CLUB CONCERT 2024 'Our Eutopia' - 서울,명화라이브홀,,,https://search.naver.com/search.naver?where=nexearch&sm=tab_etc&mra=bkkw&pkid=269&os=34408962&qvt=0&query=NELL%20CLUB%20CONCERT%202024%20Our%20Eutopia%20%EC%84%9C%EC%9A%B8,20240815,20240825,,,
20240817 ~ 20240824,서울숲 푸른밤 축제 '별 헤는 서울숲',서울숲,,,https://search.naver.com/search.naver?where=nexearch&sm=tab_etc&mra=bk00&pkid=110&os=35054168&qvt=0&query=%EC%84%9C%EC%9A%B8%EC%88%B2%20%ED%91%B8%EB%A5%B8%EB%B0%A4%20%EC%B6%95%EC%A0%9C%20%EB%B3%84%20%ED%97%A4%EB%8A%94%20%EC%84%9C%EC%9A%B8%EC%88%B2,20240817,20240824,,축제,20240818.0
20240816 ~ 20240824,군산문화유산야행,군산 내항 역사문화공간 및 원도심 일원,,,https://search.naver.com/search.naver?where=nexearch&sm=tab_etc&mra=bk00&pkid=110&os=18914928&qvt=0&query=%EA%B5%B0%EC%82%B0%EB%AC%B8%ED%99%94%EC%9C%A0%EC%82%B0%EC%95%BC%ED%96%89,20240816,20240824,,축제 > 문화예술축제,20240818.0
20240720 ~ 20241031,구팔일 선셋 레이스,모노리스 제주파크,,,https://search.naver.com/search.naver?where=nexearch&sm=tab_etc&mra=bk00&pkid=110&os=35066339&qvt=0&query=%EA%B5%AC%ED%8C%94%EC%9D%BC%20%EC%84%A0%EC%85%8B%20%EB%A0%88%EC%9D%B4%EC%8A%A4,20240720,20241031,,축제,20240818.0
20240821 ~ 20240823,부산국제마케팅광고제(MAD STARS),부산 벡스코,,,https://search.naver.com/search.naver?where=nexearch&sm=tab_etc&mra=bk00&pkid=110&os=19323496&qvt=0&query=%EB%B6%80%EC%82%B0%EA%B5%AD%EC%A0%9C%EB%A7%88%EC%BC%80%ED%8C%85%EA%B4%91%EA%B3%A0%EC%A0%9C%20MAD%20STARS,20240821,20240823,,축제,20240818.0
20240821 ~ 20240825,명주인형극제,명주예술마당,,,https://search.naver.com/search.naver?where=nexearch&sm=tab_etc&mra=bk00&pkid=110&os=8171153&qvt=0&query=%EB%AA%85%EC%A3%BC%EC%9D%B8%ED%98%95%EA%B7%B9%EC%A0%9C,20240821,20240825,,축제 > 문화예술축제,20240818.0
20240823 ~ 20240824,소사복숭아축제,부천여자중학교 운동장,,,https://search.naver.com/search.naver?where=nexearch&sm=tab_etc&mra=bk00&pkid=110&os=28671605&qvt=0&query=%EC%86%8C%EC%82%AC%EB%B3%B5%EC%88%AD%EC%95%84%EC%B6%95%EC%A0%9C,20240823,20240824,,축제 > 여름먹거리축제,20240818.0
20240823 ~ 20240824,충주 문화유산 야행,충주시 관아공원 일대,,,https://search.naver.com/search.naver?where=nexearch&sm=tab_etc&mra=bk00&pkid=110&os=24629444&qvt=0&query=%EC%B6%A9%EC%A3%BC%20%EB%AC%B8%ED%99%94%EC%9C%A0%EC%82%B0%20%EC%95%BC%ED%96%89,20240823,20240824,,축제 > 문화예술축제,20240818.0
20240823 ~ 20240824,거제맥주축제,거제시 장승포 수변공원,,,https://search.naver.com/search.naver?where=nexearch&sm=tab_etc&mra=bk00&pkid=110&os=31983031&qvt=0&query=%EA%B1%B0%EC%A0%9C%EB%A7%A5%EC%A3%BC%EC%B6%95%EC%A0%9C,20240823,20240824,,축제 > 여름먹거리축제,20240818.0
20240823 ~ 20240824,유라리 건맥축제,유라리광장(남포동 영도대교 앞),,,https://search.naver.com/search.naver?where=nexearch&sm=tab_etc&mra=bk00&pkid=110&os=32060962&qvt=0&query=%EC%9C%A0%EB%9D%BC%EB%A6%AC%20%EA%B1%B4%EB%A7%A5%EC%B6%95%EC%A0%9C,20240823,20240824,,축제 > 여름먹거리축제,20240818.0
20240823 ~ 20240825,유성 재즈&맥주페스타,유림공원,,,https://search.naver.com/search.naver?where=nexearch&sm=tab_etc&mra=bk00&pkid=110&os=28651662&qvt=0&query=%EC%9C%A0%EC%84%B1%20%EC%9E%AC%EC%A6%88%20%EB%A7%A5%EC%A3%BC%ED%8E%98%EC%8A%A4%ED%83%80,20240823,20240825,,축제 > 문화예술축제,20240818.0
20240823 ~ 20240825,소(牛)맥 프리미엄 페스티벌,횡성베이스볼파크 인조축구장,,,https://search.naver.com/search.naver?where=nexearch&sm=tab_etc&mra=bk00&pkid=110&os=31983037&qvt=0&query=%EC%86%8C%20%E7%89%9B%20%EB%A7%A5%20%ED%94%84%EB%A6%AC%EB%AF%B8%EC%97%84%20%ED%8E%98%EC%8A%A4%ED%8B%B0%EB%B2%8C,20240823,20240825,,축제 > 여름먹거리축제,20240818.0
20240823 ~ 20240825,서울 버스커 페스티벌,노들섬,,,https://search.naver.com/search.naver?where=nexearch&sm=tab_etc&mra=bk00&pkid=110&os=28651657&qvt=0&query=%EC%84%9C%EC%9A%B8%20%EB%B2%84%EC%8A%A4%EC%BB%A4%20%ED%8E%98%EC%8A%A4%ED%8B%B0%EB%B2%8C,20240823,20240825,,축제 > 문화예술축제,20240818.0
20240817 ~ 20240818,2024 최현우 Answer - 성남,성남아트센터 오페라하우스,,,https://search.naver.com/search.naver?where=nexearch&sm=tab_etc&mra=bkkw&pkid=269&os=33934024&qvt=0&query=2024%20%EC%B5%9C%ED%98%84%EC%9A%B0%20Answer%20%EC%84%B1%EB%82%A8,20240817,20240818,,콘서트 > 개그/마술,20240818.0
20240818,악퉁 X 더베인 조인트콘서트,웨스트브릿지 라이브홀,,,https://search.naver.com/search.naver?where=nexearch&sm=tab_etc&mra=bkkw&pkid=269&os=34060846&qvt=0&query=%EC%95%85%ED%89%81%20X%20%EB%8D%94%EB%B2%A0%EC%9D%B8%20%EC%A1%B0%EC%9D%B8%ED%8A%B8%EC%BD%98%EC%84%9C%ED%8A%B8,20240818,20240818,,콘서트,20240818.0
20240817 ~ 20240818,ENHYPEN WORLD TOUR 'FATE PLUS' IN JAKARTA,ICE BSD City Hall 1-2,,,https://search.naver.com/search.naver?where=nexearch&sm=tab_etc&mra=bkkw&pkid=269&os=34107347&qvt=0&query=ENHYPEN%20WORLD%20TOUR%20FATE%20PLUS%20IN%20JAKARTA,20240817,20240818,,콘서트,20240818.0
20240817 ~ 20240818,싸이 흠뻑쇼 SUMMER SWAG 2024 - 인천,인천아시아드 주경기장,,,https://search.naver.com/search.naver?where=nexearch&sm=tab_etc&mra=bkkw&pkid=269&os=34155589&qvt=0&query=%EC%8B%B8%EC%9D%B4%20%ED%9D%A0%EB%BB%91%EC%87%BC%20SUMMER%20SWAG%202024%20%EC%9D%B8%EC%B2%9C,20240817,20240818,,콘서트,20240818.0
20240818,<EUNOIA> 크로스오버 콘서트 in 김광석 - 부산,소향씨어터 신한카드홀,,,https://search.naver.com/search.naver?where=nexearch&sm=tab_etc&mra=bkkw&pkid=269&os=34317004&qvt=0&query=EUNOIA%20%ED%81%AC%EB%A1%9C%EC%8A%A4%EC%98%A4%EB%B2%84%20%EC%BD%98%EC%84%9C%ED%8A%B8%20in%20%EA%B9%80%EA%B4%91%EC%84%9D%20%EB%B6%80%EC%82%B0,20240818,20240818,,콘서트,20240818.0
20240818,2024 김창옥 토크콘서트 시즌4 - 진주,경상국립대학교 GNU컨벤션센터 대강당,,,https://search.naver.com/search.naver?where=nexearch&sm=tab_etc&mra=bkkw&pkid=269&os=34327139&qvt=0&query=2024%20%EA%B9%80%EC%B0%BD%EC%98%A5%20%ED%86%A0%ED%81%AC%EC%BD%98%EC%84%9C%ED%8A%B8%20%EC%8B%9C%EC%A6%8C4%20%EC%A7%84%EC%A3%BC,20240818,20240818,,콘서트 > 토크콘서트,20240818.0
20240817 ~ 20240818,더매직스타 전국투어 콘서트 - 대구,천마아트센터,,,https://search.naver.com/search.naver?where=nexearch&sm=tab_etc&mra=bkkw&pkid=269&os=34339135&qvt=0&query=%EB%8D%94%EB%A7%A4%EC%A7%81%EC%8A%A4%ED%83%80%20%EC%A0%84%EA%B5%AD%ED%88%AC%EC%96%B4%20%EC%BD%98%EC%84%9C%ED%8A%B8%20%EB%8C%80%EA%B5%AC,20240817,20240818,,콘서트 > 개그/마술,20240818.0
20240817 ~ 20240818,소란 여름 콘서트 'Squeeze!',예스24라이브홀,,,https://search.naver.com/search.naver?where=nexearch&sm=tab_etc&mra=bkkw&pkid=269&os=34357020&qvt=0&query=%EC%86%8C%EB%9E%80%20%EC%97%AC%EB%A6%84%20%EC%BD%98%EC%84%9C%ED%8A%B8%20Squeeze,20240817,20240818,,콘서트,20240818.0
20240817 ~ 20240818,"KARA THE 5th JAPAN TOUR 2024 ""KARASIA"" - 도쿄",LaLa arena TOKYO-BAY,,,https://search.naver.com/search.naver?where=nexearch&sm=tab_etc&mra=bkkw&pkid=269&os=34376606&qvt=0&query=KARA%20THE%205th%20JAPAN%20TOUR%202024%20KARASIA%20%EB%8F%84%EC%BF%84,20240817,20240818,,콘서트,20240818.0
20240817 ~ 20240818,요시모토신희극 65주년 기념투어 - 부산,영화의전당 하늘연극장,,,https://search.naver.com/search.naver?where=nexearch&sm=tab_etc&mra=bkkw&pkid=269&os=34384600&qvt=0&query=%EC%9A%94%EC%8B%9C%EB%AA%A8%ED%86%A0%EC%8B%A0%ED%9D%AC%EA%B7%B9%2065%EC%A3%BC%EB%85%84%20%EA%B8%B0%EB%85%90%ED%88%AC%EC%96%B4%20%EB%B6%80%EC%82%B0,20240817,20240818,,콘서트 > 개그/마술,20240818.0
20240817 ~ 20240818,2024 LEE GIKWANG SOLO CONCERT [OBSESSED],올림픽공원 올림픽홀,,,https://search.naver.com/search.naver?where=nexearch&sm=tab_etc&mra=bkkw&pkid=269&os=34391362&qvt=0&query=2024%20LEE%20GIKWANG%20SOLO%20CONCERT%20OBSESSED,20240817,20240818,,콘서트,20240818.0
20240817 ~ 20240818,"2F(신용재, 김원주) 2nd FAN CONCERT <2F ONLY-SEASON 2>",구름아래소극장,,,https://search.naver.com/search.naver?where=nexearch&sm=tab_etc&mra=bkkw&pkid=269&os=34408535&qvt=0&query=2F%20%EC%8B%A0%EC%9A%A9%EC%9E%AC%20%EA%B9%80%EC%9B%90%EC%A3%BC%202nd%20FAN%20CONCERT%202F%20ONLY%20SEASON%202,20240817,20240818,,콘서트 > 발라드,20240818.0
20240818,옥상달빛 전국투어 <정말 고마워서 갑니다 2024> - 부산,헤이든,,,https://search.naver.com/search.naver?where=nexearch&sm=tab_etc&mra=bkkw&pkid=269&os=34981533&qvt=0&query=%EC%98%A5%EC%83%81%EB%8B%AC%EB%B9%9B%20%EC%A0%84%EA%B5%AD%ED%88%AC%EC%96%B4%20%EC%A0%95%EB%A7%90%20%EA%B3%A0%EB%A7%88%EC%9B%8C%EC%84%9C%20%EA%B0%91%EB%8B%88%EB%8B%A4%202024%20%EB%B6%80%EC%82%B0,20240818,20240818,,콘서트,20240818.0
20240818,82MAJOR 2nd concert <BEAT X 82>,무신사 개러지,,,https://search.naver.com/search.naver?where=nexearch&sm=tab_etc&mra=bkkw&pkid=269&os=34646547&qvt=0&query=82MAJOR%202nd%20concert%20BEAT%20X%2082,20240818,20240818,,콘서트,20240818.0
20240817 ~ 20240818,2024 THE LAST FAN-CON [CURTAIN CALL],KBS아레나,,,https://search.naver.com/search.naver?where=nexearch&sm=tab_etc&mra=bkkw&pkid=269&os=34988676&qvt=0&query=2024%20THE%20LAST%20FAN%20CON%20CURTAIN%20CALL,20240817,20240818,,콘서트,20240818.0
20240818,2024 PARK KANG HYUN FAN MEETING <IN : JOY DAY>,성신여대 운정그린캠퍼스 대강당,,,https://search.naver.com/search.naver?where=nexearch&sm=tab_etc&mra=bkkw&pkid=269&os=34992623&qvt=0&query=2024%20PARK%20KANG%20HYUN%20FAN%20MEETING%20IN%20JOY%20DAY,20240818,20240818,,콘서트,20240818.0
20240818,황대일X실러블 콜라보 콘서트 - 대구,꿈꾸는씨어터,,,https://search.naver.com/search.naver?where=nexearch&sm=tab_etc&mra=bkkw&pkid=269&os=35010432&qvt=0&query=%ED%99%A9%EB%8C%80%EC%9D%BCX%EC%8B%A4%EB%9F%AC%EB%B8%94%20%EC%BD%9C%EB%9D%BC%EB%B3%B4%20%EC%BD%98%EC%84%9C%ED%8A%B8%20%EB%8C%80%EA%B5%AC,20240818,20240818,,콘서트,20240818.0
20240818,권준혁의 백색소음 - 대구,어바웃매직,,,https://search.naver.com/search.naver?where=nexearch&sm=tab_etc&mra=bkkw&pkid=269&os=35086234&qvt=0&query=%EA%B6%8C%EC%A4%80%ED%98%81%EC%9D%98%20%EB%B0%B1%EC%83%89%EC%86%8C%EC%9D%8C%20%EB%8C%80%EA%B5%AC,20240818,20240818,,콘서트 > 개그/마술,20240818.0
20240720 ~ 20240831,썸머 가든 클럽 페스타 - 순천,순천만국가정원,,,https://search.naver.com/search.naver?where=nexearch&sm=tab_etc&mra=bkkw&pkid=269&os=35096386&qvt=0&query=%EC%8D%B8%EB%A8%B8%20%EA%B0%80%EB%93%A0%20%ED%81%B4%EB%9F%BD%20%ED%8E%98%EC%8A%A4%ED%83%80%20%EC%88%9C%EC%B2%9C,20240720,20240831,,콘서트,20240818.0
20240529 ~ 20241201,문화가 있는 날 청춘마이크 충청권,None,None,None,https://search.naver.com/search.naver?where=nexearch&sm=tab_etc&mra=bk00&pkid=110&os=34262141&qvt=0&query=%EB%AC%B8%ED%99%94%EA%B0%80%20%EC%9E%88%EB%8A%94%20%EB%82%A0%20%EC%B2%AD%EC%B6%98%EB%A7%88%EC%9D%B4%ED%81%AC%20%EC%B6%A9%EC%B2%AD%EA%B6%8C,20240529,20241201,None,축제 > 문화예술축제,20240819
20240325 ~ 20241031,영등포 관광 세일 페스타,None,None,None,https://search.naver.com/search.naver?where=nexearch&sm=tab_etc&mra=bk00&pkid=110&os=26075318&qvt=0&query=%EC%98%81%EB%93%B1%ED%8F%AC%20%EA%B4%80%EA%B4%91%20%EC%84%B8%EC%9D%BC%20%ED%8E%98%EC%8A%A4%ED%83%80,20240325,20241031,None,축제,20240819
20240823 ~ 20240825,고창해풍고추축제,고창군 농산물 종합유통센터,None,None,https://search.naver.com/search.naver?where=nexearch&sm=tab_etc&mra=bk00&pkid=110&os=28703825&qvt=0&query=%EA%B3%A0%EC%B0%BD%ED%95%B4%ED%92%8D%EA%B3%A0%EC%B6%94%EC%B6%95%EC%A0%9C,20240823,20240825,None,축제 > 여름먹거리축제,20240819
20240823 ~ 20240825,거북섬 해양축제,거북섬 웨이브파크 광장,None,None,https://search.naver.com/search.naver?where=nexearch&sm=tab_etc&mra=bk00&pkid=110&os=28912498&qvt=0&query=%EA%B1%B0%EB%B6%81%EC%84%AC%20%ED%95%B4%EC%96%91%EC%B6%95%EC%A0%9C,20240823,20240825,None,축제 > 바다축제,20240819
20240823 ~ 20240827,장항 맥문동 꽃 축제,장항 송림산림욕장 일원,None,None,https://search.naver.com/search.naver?where=nexearch&sm=tab_etc&mra=bk00&pkid=110&os=34104597&qvt=0&query=%EC%9E%A5%ED%95%AD%20%EB%A7%A5%EB%AC%B8%EB%8F%99%20%EA%BD%83%20%EC%B6%95%EC%A0%9C,20240823,20240827,None,축제 > 여름꽃축제,20240819
20240823 ~ 20240901,부산국제코미디페스티벌,부산 전역,None,None,https://search.naver.com/search.naver?where=nexearch&sm=tab_etc&mra=bk00&pkid=110&os=19441438&qvt=0&query=%EB%B6%80%EC%82%B0%EA%B5%AD%EC%A0%9C%EC%BD%94%EB%AF%B8%EB%94%94%ED%8E%98%EC%8A%A4%ED%8B%B0%EB%B2%8C,20240823,20240901,None,축제 > 문화예술축제,20240819
20240823 ~ 20240901,대전한우숯불구이축제,대전대학교 서문운동장,None,None,https://search.naver.com/search.naver?where=nexearch&sm=tab_etc&mra=bk00&pkid=110&os=28922454&qvt=0&query=%EB%8C%80%EC%A0%84%ED%95%9C%EC%9A%B0%EC%88%AF%EB%B6%88%EA%B5%AC%EC%9D%B4%EC%B6%95%EC%A0%9C,20240823,20240901,None,축제 > 여름먹거리축제,20240819
20240824 ~ 20240824,제천박달가요제,제천시 모산비행장,None,None,https://search.naver.com/search.naver?where=nexearch&sm=tab_etc&mra=bk00&pkid=110&os=1908708&qvt=0&query=%EC%A0%9C%EC%B2%9C%EB%B0%95%EB%8B%AC%EA%B0%80%EC%9A%94%EC%A0%9C,20240824,20240824,None,축제,20240819
20240824 ~ 20240825,제주 애니아일랜드 페스티벌,아시아CGI애니메이션센터,None,None,https://search.naver.com/search.naver?where=nexearch&sm=tab_etc&mra=bk00&pkid=110&os=32123871&qvt=0&query=%EC%A0%9C%EC%A3%BC%20%EC%95%A0%EB%8B%88%EC%95%84%EC%9D%BC%EB%9E%9C%EB%93%9C%20%ED%8E%98%EC%8A%A4%ED%8B%B0%EB%B2%8C,20240824,20240825,None,축제,20240819
20240824 ~ 20240901,고양 푸드앤비어페스티벌,라페스타 문화의거리,None,None,https://search.naver.com/search.naver?where=nexearch&sm=tab_etc&mra=bk00&pkid=110&os=24770233&qvt=0&query=%EA%B3%A0%EC%96%91%20%ED%91%B8%EB%93%9C%EC%95%A4%EB%B9%84%EC%96%B4%ED%8E%98%EC%8A%A4%ED%8B%B0%EB%B2%8C,20240824,20240901,None,축제 > 여름먹거리축제,20240819
20240824 ~ 20240908,서천 홍원항 자연산 전어 꽃게 축제,홍원항,None,None,https://search.naver.com/search.naver?where=nexearch&sm=tab_etc&mra=bk00&pkid=110&os=28578210&qvt=0&query=%EC%84%9C%EC%B2%9C%20%ED%99%8D%EC%9B%90%ED%95%AD%20%EC%9E%90%EC%97%B0%EC%82%B0%20%EC%A0%84%EC%96%B4%20%EA%BD%83%EA%B2%8C%20%EC%B6%95%EC%A0%9C,20240824,20240908,None,축제 > 대하전어축제,20240819
20240819,먼데이프로젝트 시즌7 My Universe [YEGNY (최예근) 단독 콘서트],클럽온에어,None,None,https://search.naver.com/search.naver?where=nexearch&sm=tab_etc&mra=bkkw&pkid=269&os=35031036&qvt=0&query=%EB%A8%BC%EB%8D%B0%EC%9D%B4%ED%94%84%EB%A1%9C%EC%A0%9D%ED%8A%B8%20%EC%8B%9C%EC%A6%8C7%20My%20Universe%20YEGNY%20%EC%B5%9C%EC%98%88%EA%B7%BC%20%EB%8B%A8%EB%8F%85%20%EC%BD%98%EC%84%9C%ED%8A%B8,20240819,20240819,None,콘서트,20240819
